name,age,street,city,state,zip,lng,lat
Gary Torres,77,489 Mary Parkways Apt. 706,South Adam,Oregon,07623,16.715304,13.5714675
Donald Cummings,56,28886 Ethan Field Apt. 072,Robertsview,New Mexico,83573,160.217363,22.9566765
Steven Lee,18,561 Oscar Forge,West Dominique,Alabama,53460,-15.461840,13.5678965
Christine Cox,49,69862 Chase Loop Apt. 860,Phillipsstad,Indiana,94058,-156.294825,-38.0090925
Crystal Kim,69,907 Tammy Estate,South Lori,Oklahoma,37325,162.751745,31.2039275
John Lopez,19,752 Martinez Overpass,Alvarezville,Virginia,27642,99.230057,9.3173635
Sara Coleman,31,337 Griffith Trail,North Scottborough,Oklahoma,56007,-2.012185,45.626636
Dean Chapman,66,712 Autumn Lakes,Penafurt,Vermont,88180,-133.018629,44.8673515
Joseph Castro,30,730 Choi Springs Apt. 210,New Darren,Connecticut,07589,-113.485667,-86.8919785
Aaron Morales,19,97535 Renee Center Suite 518,Kristinstad,Nebraska,41694,-36.408840,40.391525
Ana Castillo,42,813 Kendra Oval Apt. 585,Robersonfort,Colorado,13025,-131.557713,-18.8381495
Brooke Dunn,34,94798 Anderson Mill,East Christinastad,Maryland,79360,96.905466,23.2066255
Douglas Hamilton,62,2271 Lewis Lights,West Taraberg,Texas,96097,-146.291179,-11.352161
Nathaniel Wood,74,66419 Elizabeth Knoll Apt. 136,Mayberg,California,97079,-28.198408,-55.4165125
Christopher Anderson,44,6010 Berg Via Suite 052,Wintersfurt,Minnesota,63141,18.169662,-23.4945385
Haley Levy,48,97287 Alyssa Fall,West Caleb,Rhode Island,25497,133.999013,9.6736965
Christopher Washington,58,4220 Christopher Land Apt. 117,Angelafurt,Oregon,18722,-42.857188,83.725059
Austin Cooper,36,8385 Benjamin Mountain Suite 040,New Catherine,Utah,37851,30.127381,78.4504755
Andrea Willis,33,957 Anderson Centers,North Laurieborough,Missouri,41370,-45.968242,10.310403
John Powers,47,054 Dennis Inlet Suite 666,Port Alexisburgh,Maine,55328,-50.588436,-52.4975425
Larry Bond,29,604 Bennett Mountain Suite 623,Cookport,Maine,98576,-74.162778,14.3250425
Robert Rogers,44,3309 Phyllis Freeway,West Lisa,Pennsylvania,89741,-67.939492,29.0619175
Colleen Suarez,25,42504 Kirk Prairie,Kyleton,Wyoming,75601,-139.308211,20.0902635
Emily Woods DDS,36,60045 Munoz Ways Apt. 706,Ryanberg,Virginia,30943,-163.203149,36.5979385
Jenna Cox,31,7311 Boyd Point,Nancyside,Oregon,75302,-80.719391,47.080185
Lindsey Bullock,70,54421 Marie Highway,West Davidland,Arkansas,88331,111.294354,-70.363366
Elijah Hayes,61,076 Shields Courts Suite 853,South Frank,Texas,17093,-44.925573,68.9932675
William Jackson,53,629 Holmes Mews Suite 198,Port John,Maryland,05623,-131.309295,-89.6840095
Matthew Smith,53,792 Lane Shores,Wrightland,Arizona,91874,8.559430,-54.637709
Kevin Mccarty,59,2277 Thomas Oval,Turnermouth,New Hampshire,38601,146.995718,80.641897
Debbie Andersen,77,582 George Ridges,South Kenneth,Iowa,42946,-105.309151,-22.885829
David Scott,25,056 Miller Squares Suite 571,Lake Lisaburgh,Maryland,81901,142.930715,29.665522
Gwendolyn Martinez,47,54643 Timothy Gateway Apt. 530,North Alexis,South Dakota,32414,-123.394004,68.788301
Christopher Hall,65,3667 Robert Keys Suite 957,Jenniferport,Maryland,76476,-37.470942,84.387432
Vincent Allen,79,0212 Campbell Views Suite 400,Port Kevin,Missouri,67135,85.680868,-67.8717915
Mr. Kyle Davis,23,754 Michelle Gateway,South Juliafurt,Ohio,55767,128.038096,74.730677
Jared Robbins,44,231 Cross Pike Suite 805,South Robert,North Carolina,20001,-118.318806,72.3248125
Thomas Sullivan,49,12964 Brooke Ford,Jacobchester,Maryland,88681,-72.776263,-18.274497
Karen Merritt,61,6914 Morgan Fields Suite 995,Travisview,Maine,21726,-114.251710,24.380086
Dominique Guerrero,47,194 Wells Pass,Pricestad,Illinois,11064,-64.223047,-19.281894
Jamie Roberts,63,42697 Perry Skyway Apt. 251,North Melindashire,Minnesota,18653,-148.433570,6.0183015
James Davis,53,717 Santiago Freeway Apt. 772,South Christine,Nevada,69064,88.035621,86.2777945
Angela Mclaughlin,18,70050 Yu Square Suite 555,New Richard,Oklahoma,31922,-152.811261,68.283029
Craig Randall,40,47691 Paul Ridge,Danielmouth,Florida,20135,-94.751534,-80.477971
John Morris,42,87689 Matthews Trail,Port Joe,Florida,34018,-60.968745,29.0051815
Scott Murphy,59,5783 Robert Parkways,Bonnietown,Pennsylvania,24288,-176.927704,23.1854035
Heidi Harvey,76,694 Tracy Orchard Apt. 780,Sandovalberg,Oregon,24459,-167.098103,78.6087925
Jeff Rodriguez,37,784 Perez Crossroad,Hendersonland,New Mexico,85891,89.003193,83.977124
Michael Harvey,68,9803 Harris Prairie Suite 621,South Morganside,Washington,48818,123.907923,48.009965
Monica Werner,70,8518 Theresa Pike Apt. 911,Garcialand,Tennessee,76420,-179.534682,-55.222463
Luis Mckinney,44,875 Barajas Turnpike Suite 846,South Norma,Oregon,41392,58.952411,-73.6694225
Alexander Johnson,66,88409 Alexander Club Apt. 257,South Katherineton,Massachusetts,90290,-144.025260,-11.326129
Dylan Anderson,36,3856 James Village,Lopezchester,Louisiana,46169,131.889189,-35.977198
Laura Perez,32,3924 Silva Glens,Port Anne,North Carolina,01001,62.829196,80.132579
Anthony Jones,65,28644 Green Mall Apt. 999,Jeffreymouth,Colorado,49654,30.248856,-3.9441345
Justin Bush,31,27326 Mcguire Burgs Suite 390,Port Evelynville,Washington,84114,58.058075,-71.9947165
Stacey Diaz,60,660 Katherine Island Suite 515,New Joshua,North Dakota,61120,-58.464782,57.1353235
Tami Morrow,34,02743 Osborne Prairie,Port Ashleymouth,Missouri,99044,114.583425,-27.8446385
Luke Williams,72,39453 Davis Mountains,Port Brandonview,South Dakota,38437,167.336340,-2.890127
Amanda Johnson,24,640 Hampton Rue,West Jennifer,Utah,13248,99.680914,0.686378
Audrey Cobb,70,84122 Tammy Union Suite 882,Beckerburgh,Louisiana,25874,18.178658,32.0310175
Robert Brennan,29,64503 Jessica Flat Apt. 320,East Adam,Missouri,92412,105.017684,-17.669303
Grace Bryant,24,7610 Keith Passage,Hancockchester,Vermont,30894,-18.661812,31.1363035
Danielle Mitchell,47,77303 Hernandez Bridge,Neilton,New Jersey,28677,76.510465,16.753934
Jeremiah Farmer,74,0679 James Cove,West Terriland,Virginia,73376,17.005311,-12.1382865
Derrick Lopez,35,87011 Albert Hill,Katherinetown,Illinois,28025,22.150301,-64.194804
Frances Bailey,33,47391 Jennifer Ferry,Stevenfurt,Illinois,97769,-25.746022,59.706650
Mark Elliott,40,077 Rice Mall,Waltonton,Wisconsin,96374,-88.584222,17.283894
Sheila Stephens,31,713 Logan Lodge,Knightport,Alaska,52411,-107.215156,55.475247
Chelsea Adams,31,5092 Taylor Flats,West Dylanton,Maine,91083,-84.468607,52.650056
Christine Wood,63,31063 Sean Inlet,New Richardmouth,Indiana,51381,53.696179,12.399993
Brittany Warren,54,1053 Manning Drive,South Jeffery,Minnesota,75459,106.913387,19.8471855
Eric Zhang MD,39,8752 Stephanie Ville,Jacquelinetown,Arizona,78622,-36.676584,46.921947
Ruth Brown,67,5311 Baker Bridge,South Amandaberg,Wisconsin,09325,-90.971834,-78.3628095
Bethany Morrison DDS,75,4444 Austin Crest,South Hayden,North Carolina,35862,-60.004211,-20.300978
Antonio Mcfarland,38,8280 Donald Crossroad,Lake Ashley,Maryland,88098,-2.999008,30.501658
Julie Powell,29,449 Duarte Field Apt. 152,North Anthonyside,Maryland,59348,-133.573149,-7.745966
James Garcia,28,067 Copeland Port Apt. 926,Michaelbury,Alabama,52604,158.797533,78.1429675
Heather Pennington,56,886 Leslie Wall Suite 841,Danielhaven,North Dakota,34064,-102.732045,8.6667945
Stacy Vargas,49,49734 Hannah Curve Apt. 705,New Elizabeth,Massachusetts,91841,-145.540069,48.458073
Sean Reeves,56,6116 Watson Isle Apt. 267,Port Mark,New Jersey,66751,-163.171196,-18.153511
Gregory Owens,30,356 Ashley Mills Suite 687,Jamesport,Maryland,62216,-144.254850,-62.788993
Chase Rosario,59,6386 Villa Squares Apt. 942,New Williambury,Michigan,20053,160.338677,-79.2587215
Steven Gray,58,7364 Walker Brooks Apt. 236,Katherineland,New Jersey,63776,-163.240223,25.1835505
Joseph Garcia,37,136 Le Trafficway,South Natalie,Oklahoma,26914,42.007661,-24.9875145
Joshua Dunn,25,5296 Bobby Plain,Leside,Nebraska,40967,175.862673,-69.310029
Andrew Francis,53,7963 Maureen River,West Carrie,Texas,84242,-26.105856,-18.3922975
Karen Alexander,62,16811 Williams Lodge Apt. 132,Lake Matthew,Kentucky,30702,-34.014134,41.1203005
Mark Banks,26,79882 Davis Canyon Suite 930,Zavalaview,Idaho,12414,-53.866462,14.5745285
Cassidy Bass,58,462 David Orchard Apt. 921,East Patrickland,Colorado,22134,-100.715731,52.8094225
Alexis Jordan,50,594 Sanchez Lodge Suite 185,Kathyview,Alabama,90320,-165.183621,27.1305375
Kenneth Carter,74,840 Barajas Inlet,West Stephanie,Louisiana,02795,151.312445,-22.8196415
Jennifer Jones,65,98889 Dawn Ports,Wagnermouth,Nevada,63136,-125.395060,-30.8218935
Melissa Sweeney,52,5849 Paul Village,Lake Alexanderfurt,Minnesota,94985,140.846310,-74.523728
Caleb Bright Jr.,41,617 Linda Brook,Jessicachester,Indiana,14751,99.970137,-15.4083455
Amanda Buchanan,27,732 Adam Glen,West Deniseside,Utah,58578,170.889776,26.6160605
Kelly Reyes,48,6658 Samantha Ports Apt. 598,Port Andrewmouth,Maine,17517,-2.636694,77.7113005
Meredith Tapia,58,5620 James Circle Apt. 612,Lanceberg,California,23126,-102.909174,-18.031435
Larry Garcia,29,1041 Daniel Wells Suite 689,Aprilburgh,New Jersey,12478,133.488395,-33.278126
Jennifer Cole,26,0807 Henry Fords,Julieport,Pennsylvania,51982,-133.352017,-71.579113
Kenneth Barrett,53,1861 Shannon View Apt. 572,New Josephville,Tennessee,19092,170.715915,-87.854395
Beth Roberts,44,363 Thomas Ford Suite 315,Rachelview,Nevada,00923,128.135884,29.5275715
Lisa Flores,70,42222 Blake Fields Apt. 578,Port Corey,Arizona,48687,-154.574967,-54.9797745
Erik Flores,52,5385 Tammy Estates,Lake Melissa,Alabama,06390,-34.007449,65.038326
Joshua Lewis,46,426 Rodriguez Loaf,South Melissa,New Jersey,06497,17.065687,-53.8864925
Monique Nguyen,23,03025 Kelly Ports Suite 747,Gonzalezburgh,Massachusetts,02203,118.616239,-24.5521315
Rebecca Jones,57,4377 Jonathan Locks Suite 143,Nancyberg,West Virginia,85648,-23.567559,61.386303
Matthew Bailey,21,934 Bennett Port,Lake Vincentfort,Alaska,42799,153.925853,-21.607959
Laurie Jordan,19,592 Cruz Branch Suite 077,Lake Mariabury,Arkansas,11902,-169.018215,42.3213595
Scott Scott,24,57377 Mcdonald Summit Suite 838,New Kaylaborough,Tennessee,59011,165.274669,-11.7865195
Michelle Nunez,57,65942 Stephanie Vista,Kellystad,Michigan,81513,-92.516415,-11.286409
Shannon Sandoval,33,5337 Carter Union Apt. 814,Amyland,Michigan,71170,49.419105,78.931687
William Perry,45,6304 Michelle Common,Curryland,Kansas,24142,30.013671,-86.966932
Anthony Richards,79,3592 James Grove,Bautistaland,New Hampshire,19755,-153.113560,0.7908555
Dr. Tabitha Randolph,40,429 Jackson Court,Castillostad,Indiana,51149,35.933558,-37.7099065
Megan Miller,44,188 David Cliffs,Lake Kathleenland,North Carolina,37173,-54.221951,-30.9787335
Rebecca Sandoval,67,84837 Gary Landing Suite 806,Lake Melissaview,Michigan,52797,11.323889,-32.0813305
William Cooper,73,4256 Thompson Cove,Arthurfurt,Maine,84741,-127.085767,78.160435
Ryan Fox,68,25239 George Pine Apt. 813,South Tommyview,Oregon,10304,-94.931962,12.236939
Todd Haynes,68,152 Elizabeth Pike Apt. 537,Clarktown,Illinois,71771,-103.297257,-72.756437
Kathy Stevens,80,99861 Kenneth Isle Apt. 203,Murilloview,Ohio,18532,-83.403001,-57.6393115
Jacob Berry,28,977 Mclean Island,New Stephaniemouth,Ohio,92596,175.734385,-50.010483
Lindsay Davenport,31,0507 William Lakes Suite 050,Davismouth,Alabama,60234,41.288363,25.9806035
Jessica Castillo,76,579 Jack Stravenue Suite 941,Lisaborough,Michigan,97245,-7.796534,-77.872262
Morgan Ross,30,2334 Scott Freeway Apt. 360,Lake Shariport,Rhode Island,02861,32.406204,-66.851235
Vanessa Snyder,18,07783 Isaac Harbors Suite 102,Amandafurt,Rhode Island,52490,-45.919860,-67.336581
Autumn Liu,77,876 Sullivan Greens,Ashleyburgh,Illinois,75013,-65.762463,9.088059
Katherine Cook,67,6518 Carpenter Grove Suite 118,New Maryfort,New Jersey,32122,117.327797,25.7221225
Tiffany Jackson,55,978 Juan Meadow Suite 228,Chadshire,Massachusetts,25700,53.914326,-51.4006175
Leslie Kane,35,229 Joel Loaf Apt. 986,South Jennifershire,Vermont,74622,-62.350671,-80.5790795
Kellie Dennis,59,3352 Nathaniel Inlet Suite 818,Ryanchester,Mississippi,95617,17.107272,-25.448378
Michelle Vargas DDS,77,48958 Moreno Roads,Christinafort,Maine,63677,25.085095,-81.012682
Casey Harrell,64,760 Avery Glen,South Nicholasport,Delaware,67350,34.185582,69.509385
Melissa Beck,21,4058 Pitts Orchard Apt. 807,Lake Erica,Virginia,80973,111.970493,26.104634
Anita Reed,66,46581 Jeffrey Fall Apt. 067,Wallacetown,Oregon,53686,-61.068373,-71.9256855
Bradley Mckinney,40,99035 Elizabeth Lakes,Meltonside,Iowa,76000,-123.820949,-26.079286
Carla Lambert,29,203 Judith Springs,Adamshire,Iowa,94601,-41.334988,60.2960745
Jill Clark,59,767 Fuller Walk,New Diane,Illinois,99705,83.464492,-85.543520
Adam Franklin,39,5041 Matthew Row,North Johnstad,Kentucky,30065,17.058319,-56.4465755
Jessica Miller,31,04494 Natalie Port,Lake Caroline,North Dakota,44370,34.374040,39.9185395
Kristy Holland,36,13905 Trevor Hills Suite 183,Joseborough,Idaho,25130,131.620326,44.3997325
Nicole Banks,57,85288 Robinson Plains Apt. 881,Hugheshaven,Florida,32281,-101.563812,-51.192425
Lynn Swanson,71,424 Lori Estate Apt. 092,Kramerbury,Minnesota,72075,141.969934,7.1475155
Juan Smith,24,7753 Renee Run Suite 086,Tatetown,Michigan,65592,-171.592718,49.1407025
John Collins,69,116 Jack Pines,New Robert,Illinois,29571,62.020640,49.111578
Ashley Mcclain,60,02330 David Corner,Jordanview,Massachusetts,87438,11.807511,-15.3277685
Cheryl Acosta,74,839 Wood Corners Apt. 177,Lake Juliefort,Arkansas,37571,142.701269,-7.117925
Melinda Mclean,48,16743 Wilson Valley,Watkinsview,Indiana,14333,-140.147337,-34.822554
Maria Cook,46,0147 Lori Highway,Starkchester,Alaska,40826,-133.174824,87.3647635
Jamie Kim,46,8849 Derek Prairie Apt. 550,Matthewchester,Oklahoma,90028,124.905158,44.3834925
Cory Miller,80,99440 Matthew Cliffs,Hurstmouth,Nebraska,09316,-51.000791,35.600853
Dr. Stacy Lewis,67,86665 Holt Street,Graceview,Pennsylvania,10323,120.955334,32.274893
Renee Alvarez,54,35356 Taylor Forest,Hollowayfurt,Alabama,06220,-16.573636,-51.241222
Vicki Moore,54,5646 Norris Street Suite 609,Laurenton,North Carolina,06992,90.729153,32.128737
Stacy Burton,74,348 Rios Hills Apt. 260,South Maria,Alaska,49069,55.580030,-51.6040805
Jason Martinez,47,02824 Nicole Park,North Ericbury,Rhode Island,86234,178.561787,76.942059
Joshua Gray,33,7716 Jackson Corners,Crystalland,Pennsylvania,48279,104.863665,-56.8955655
Oscar Johnson,21,884 Roger Summit Apt. 976,Harrisport,Wisconsin,82598,-48.106448,70.382985
Kimberly Hamilton,35,86609 Rodriguez Tunnel Suite 662,Lake Kevinshire,Ohio,50780,-166.227143,-39.020294
Joseph Johnson,53,73657 Walls Curve,Port Christopherview,Alabama,70395,-131.393811,-45.9438225
Natasha Stevens,80,77331 Shawn Hills Suite 031,East Roberthaven,North Carolina,87514,140.753103,-41.992291
Erik Phillips,50,9390 Osborn Plain,East Julie,Mississippi,77979,-82.847892,-53.8708845
David Robinson,22,46570 Kimberly Extensions Apt. 856,Lake Paul,Nevada,27924,86.144425,-6.225904
Kevin Brown,42,349 Michele Mews Suite 058,Stevenville,Alaska,83900,-57.315449,-13.358939
Dustin Robles MD,55,3770 Benjamin Fields Apt. 768,North Deborah,Kansas,39119,87.063426,58.4735245
Bryan Garza,44,43685 Brett Fields Suite 360,Lake Patricia,Maryland,43399,-110.644663,-70.5424395
Katherine Whitehead,43,6723 Williams Branch Apt. 834,Lake Paula,Alabama,88918,-116.791567,-55.630923
Elizabeth Fuller,74,7537 Johnson Mission,East James,North Carolina,80254,-164.413119,55.588368
Brandon Turner,21,29028 Lacey Harbor Apt. 776,South Marymouth,Louisiana,89803,-110.861909,6.0250525
Nicole Miller,61,694 Blair Stream Apt. 898,Rodriguezfort,Colorado,94772,-97.213642,-58.681708
David Sanchez,64,467 Moore Centers,Port Michaelton,South Dakota,98035,52.631889,72.699436
Justin Brown,48,85837 Martinez Pike,Kellytown,Texas,37998,63.916356,66.5021885
Michael Taylor,30,98898 Peters Locks Suite 250,Port Victoriaview,Tennessee,45062,-97.023507,-15.3365545
Michael Collier,27,755 Kristy Highway,Morriston,Indiana,50268,-67.423779,35.7182315
Elizabeth Lee,30,59796 Vanessa Union,Gabrielborough,Tennessee,51254,-143.992776,-63.398623
Beth Bautista,49,23849 Sarah Cape,Mariotown,Iowa,41646,-66.076004,48.4439055
John Oneill,75,873 Parker Knoll Suite 121,Lake Kristi,Illinois,14687,-98.777792,-78.8208165
Lauren Lambert,76,27018 Bethany Fork,Livingstonport,North Carolina,76729,-116.610762,-41.1008125
Christine Sanchez,27,8381 Kristine Lane,New Jesse,Washington,19539,110.349571,-46.3125885
Billy Wagner Jr.,28,115 Lori Center,South Robert,Arkansas,46438,-34.957052,31.1751085
David Juarez,36,83512 Kenneth Track,Brittanyberg,Oklahoma,90497,91.340522,19.8926185
Vincent Dominguez,56,67635 James Overpass Suite 493,South Crystalville,Minnesota,34701,-148.319725,-67.356798
Carol Bradshaw,25,646 Caleb Well Apt. 670,West Danielchester,Michigan,62712,-109.133372,47.400217
David Ponce,55,268 Mark Trail Apt. 517,Bradleymouth,Louisiana,85813,17.260216,-69.049051
Joseph Lara,41,8878 Yu Street,East Donna,Alabama,88151,108.929738,-32.877978
Deborah Bullock,77,393 Vargas Ports Suite 878,West Renee,New Hampshire,53795,83.425512,73.6546655
Heather Brown,57,1804 Kristin Canyon,Lake Frances,Connecticut,07701,-84.032443,-16.963236
Gwendolyn Rogers,41,6993 Richard Square,Scotttown,Indiana,18313,64.191298,-25.625696
Chelsea Brown,59,778 George Causeway Suite 502,New Kimberly,Mississippi,86220,8.734174,25.365761
Bruce Mckinney,31,617 Mcguire Alley Suite 478,New Brianhaven,Florida,65256,-127.220763,57.116455
Mr. James Robbins,69,37221 Debra Viaduct Apt. 747,Scottmouth,Nevada,25328,-4.938844,72.313288
Todd Barnett,56,37390 Jeffrey Canyon,New Amanda,Vermont,11407,112.406206,-15.471116
Meredith Wood,56,8235 Laura Ways Suite 244,West Robert,Georgia,02680,-96.140132,81.261482
Rebecca Keith,47,053 Kyle Wells,Patriciafurt,Nebraska,63482,-119.138376,5.9211755
Joseph Richardson,72,118 Susan Extension,Knightville,North Carolina,47253,-3.203381,8.384190
Richard Patel,39,77027 Ramirez Walk Suite 533,Porterhaven,New Jersey,27860,-89.264880,-40.2820535
David Black,27,7890 Joseph Pass,West Christy,Indiana,67046,-147.875040,-82.027581
Mary Watkins,45,6410 Shannon Glen,Pooleburgh,North Carolina,75611,-64.741260,20.2079015
Danielle Thompson,37,5670 Kelly Brooks,Jerryton,West Virginia,47765,160.444569,76.974083
Jennifer Guerrero,77,19845 Valdez Lake,Matthewview,Kentucky,47819,7.187058,-85.159652
John Smith,28,733 Underwood Harbors Suite 362,Fisherchester,Massachusetts,94640,15.930927,70.696986
Donna Guzman,51,3594 Lawrence Mountains Apt. 548,Port Jesseland,Missouri,14473,-165.708275,-75.2038735
Linda Pratt,37,3797 Fisher Valleys Suite 937,Lake Nicole,California,59602,-134.231825,-75.062607
Cassandra Herring,61,214 Jackson Curve Suite 732,Robertfurt,North Carolina,78297,-4.027343,17.4451075
Joann Powers,32,4965 Rita Burg,Rossfurt,Alabama,12299,-72.405943,85.1466445
Jared Roberts,56,8175 Spencer Freeway Suite 155,New Matthewbury,Tennessee,09437,62.076287,-15.2310165
Alexandra Simpson,68,64172 Travis Views Suite 239,Paulbury,New York,00690,-117.147956,47.828786
Glenn York,78,723 Morton Cape Apt. 005,East Rebecca,Montana,36484,40.296880,72.762753
Joshua Hill,27,49180 Chambers Junction Apt. 446,West Justinborough,California,69210,-171.982504,4.4542385
Tiffany Love,48,073 Jason Walks Suite 754,North Nicolefort,West Virginia,61112,165.108020,33.7761135
Matthew Cook,39,707 Samantha Highway Apt. 992,North Annamouth,Louisiana,25665,133.641759,-15.9972695
Daniel Anderson,48,980 Robert Crest Suite 597,West Gregoryport,South Carolina,27389,-108.030672,65.6842435
Valerie Barnett,49,87523 Miguel Course,North Mitchellport,South Carolina,33679,-23.402681,4.7436535
Sandra Smith,60,6065 Jennifer Estate Suite 883,New Allisonhaven,West Virginia,42746,-151.136328,60.4309475
Melissa Carter,43,1637 Julie Mountain,Billyshire,Minnesota,82138,-176.165840,62.2519335
Samantha Rodriguez,38,82645 Armstrong Gardens,New Lindsay,Maryland,74036,102.761407,-79.7212755
Michele Huff,21,988 Jones Run Suite 489,Port April,Minnesota,64084,48.588368,-53.6046905
Anne Gibson,61,565 Maria Fort,Wrightside,Kansas,73513,-84.708526,52.056105
Sabrina Turner,40,946 Sandy Corner,Clarkville,Massachusetts,23187,164.324965,52.853985
Cassie Bell,52,80887 Owens Drives Suite 630,West Kristen,Ohio,04483,113.226908,39.703124
Wendy Hudson,31,14619 Hayes Forge Suite 258,Berryton,Louisiana,33379,-66.816448,-42.7077835
Carrie Li,55,197 Campbell Port Suite 310,South Brianview,Minnesota,97164,111.570811,-3.5007015
Juan Lara,46,385 Vicki Lane,Reedbury,Montana,50547,-84.267612,-19.9278015
Diana Phillips,74,999 Nicholas Brooks,Joshuamouth,Alabama,88486,18.141176,-4.9596855
James Santos MD,63,813 Angela Fall,Port Saraberg,Rhode Island,70770,41.207117,-56.165263
Jennifer Bowman,76,00453 Laura Greens Suite 131,New Arthur,Florida,29335,78.261586,89.9460435
Jason Medina,30,388 Rodriguez Tunnel Apt. 825,Schmidtville,Kansas,27539,99.065080,-43.7173105
Mindy Conner,65,39979 Clark Crest,North Madison,Alaska,89363,-56.499640,-56.183569
Cynthia Payne,62,92895 Jack Terrace,Daniellechester,Idaho,29957,-135.857067,6.698999
Amanda Smith,76,497 Morgan Ferry Suite 363,Michaelland,Nebraska,45809,-48.739519,76.2704095
Christina Cummings,79,17127 Sullivan Station Apt. 540,Port Morgan,North Dakota,18600,11.592451,-0.050027
Cheryl Mcknight,25,337 Norman Dam,West Martintown,Washington,12902,-10.083477,0.9686215
Taylor Pollard,33,0821 Jimenez Crossing Apt. 691,Kathrynside,Montana,54998,-131.755447,60.0308665
Harry Brown,79,8354 Young Road Apt. 820,Deannatown,New Mexico,05094,97.683506,54.1473685
Edward Thompson,34,766 Christopher Green Apt. 687,Danielborough,Wisconsin,48491,99.659423,6.2469955
Gregory Adams PhD,67,9275 Parker Islands,Port Monicastad,New York,58101,-72.056326,-82.3989535
Douglas Harding,36,575 Thomas Mission,North Daleview,Pennsylvania,42283,147.037016,-2.345816
Katelyn Simmons,43,55130 Day Neck Apt. 514,North Mariahborough,Kansas,61450,4.281476,-75.6196915
Kristen Nelson,27,2153 Kenneth Glen,Chambersmouth,Massachusetts,61674,-36.635955,64.588746
Alexander Davila,71,30453 Nelson Key Apt. 636,Lake Brian,Oklahoma,62879,106.467923,11.4554425
Nathaniel Wall,56,07448 Kathryn Way,Port Sheena,Louisiana,02764,92.237371,-20.515603
Melissa Dickson,61,687 Turner Fort Suite 825,Dixonmouth,Virginia,90953,-148.364466,-36.569297
Justin Berg,61,91503 Sandra Shoal,Ronaldstad,Vermont,43949,136.489710,86.3174235
Samuel Hayden,34,129 Chad Turnpike Apt. 529,Smithville,Massachusetts,56736,-21.344827,-22.1602455
Robert Fuller,69,252 Wood Skyway Apt. 210,East Megan,Vermont,47309,-178.778001,-64.504524
Judy Johnson,66,8449 Crystal Knolls Apt. 059,Greggport,Georgia,20491,96.368243,86.486506
Carlos Bradley,44,23774 Foster Street Apt. 501,Josephport,Montana,04121,-71.690373,-43.4983515
Gabriela Galvan,70,4041 Terri Station,Silvafurt,West Virginia,74421,98.382136,-12.822372
Jessica Munoz,74,8603 Edward Street,Port Kennethfurt,Louisiana,74015,127.159488,62.995304
Jordan Phillips,25,97929 Williams Squares Suite 934,Diazport,Rhode Island,35006,163.350710,0.891836
Katie Robinson,31,4763 Steve Junction,Danielsmouth,Idaho,37479,63.578435,60.990160
Anthony Jones,26,2874 Hubbard Lights Suite 713,Conniechester,Virginia,93256,-149.944674,63.617190
Lisa Coleman,70,6323 Sanders Summit Apt. 509,Port Andrew,Maryland,89601,-157.873730,83.038798
Jimmy Conner,32,17489 Danielle Rapid,Jonesmouth,Kansas,07571,86.225264,71.8144165
Jay Sanders,47,6326 Roach Islands Apt. 707,Watsonton,Iowa,31299,-165.506133,84.812337
Savannah Barnett,18,193 Hodges Light Suite 492,South Lisaville,Hawaii,54993,66.706893,88.1604835
Sara Davis,47,30815 Villarreal Forest Suite 479,Mitchellshire,Rhode Island,76563,147.121649,60.3043445
Erica Riley,60,67949 Young Fork,Meyerbury,Pennsylvania,96544,8.869382,4.4188035
Jose Ramsey,43,199 Taylor Hill Apt. 227,Port Daniel,Indiana,47878,106.926330,47.775338
Miranda Delgado,29,748 Cooper Meadows Suite 030,Shaunstad,Pennsylvania,79753,11.070411,45.483987
Seth Price,44,2459 Singh Terrace,Jessicaborough,Maine,97938,55.631971,71.969709
Johnny Bridges,61,42837 Matthew Mills Suite 378,Samanthaborough,Michigan,06471,69.501471,-40.045337
Maria Lin,24,733 Vasquez Crossroad,New Darrell,California,19264,115.128525,5.5897835
Greg Garcia,45,8315 Regina Route,North Dalechester,Nebraska,78198,47.326685,82.9896235
Holly Carter,39,78689 Dustin Field Suite 521,Stephenville,Montana,73382,158.336022,-36.925412
Richard Ross,19,971 James Neck,Andersonmouth,Oregon,97199,94.349668,-31.7036385
Ashley Fisher,41,52656 Jenkins Prairie,New Debra,Rhode Island,55711,-159.944305,-23.570233
Matthew Navarro,70,16732 Victoria Road Suite 052,Lake Frankside,Montana,83779,157.154440,68.8127785
Carl Smith,64,635 Christopher Lock Apt. 144,West Justinton,Idaho,89035,158.172079,43.8407775
Lisa Gonzalez,28,3239 Richardson Forges,New Kellyfort,Mississippi,83091,151.575811,8.3277455
James Keller,70,7691 William Stravenue,North Ashleyside,New Jersey,88215,-171.339368,44.2081795
Juan Jenkins,68,34273 Smith Haven Apt. 573,East Jared,Massachusetts,13579,152.341599,-23.1738025
Shane Key,34,743 Shaw Knolls Suite 771,Port Elizabethshire,California,85761,19.022662,-48.6102775
Cory Bailey,57,7822 Reid Land,Lake Moniquetown,Idaho,33955,135.982911,47.220756
Shawn Acosta,72,79930 Stark Harbor,Jamieberg,Oregon,75671,40.201568,-52.1748215
Donald Holland,25,5828 John Stravenue,Aaronport,Pennsylvania,18982,-177.445032,-38.2861035
Shawn Garcia,26,572 Fisher Crossroad,Sanchezshire,Alabama,84809,-120.760294,-11.0098305
Jennifer Torres,40,8670 Simmons Crest Suite 527,Clarkville,Idaho,46590,-135.992017,-11.6420465
Jason Dixon,29,02478 Debra Wells,East April,Maine,08150,-123.576043,-63.075132
Timothy Anderson,45,03799 Goodwin Wells,East Lisa,Delaware,57599,61.676168,-13.040191
Sydney Moore,47,53697 Tina Fall Suite 325,North Heatherport,Missouri,38711,126.739908,-53.4939095
Samuel Campbell,48,1834 Brooke Curve Apt. 228,New Shirley,Hawaii,72740,152.564376,-17.647566
Daniel Lang,39,041 Adrienne Parkways Apt. 661,Lake Samuelland,Indiana,87342,146.894823,34.155968
Brian Castillo,59,843 Samantha Inlet Suite 896,Rodgersview,Indiana,03612,-53.987777,7.973648
Thomas Hendricks,21,615 Erin Mountain Apt. 485,New Megan,South Dakota,95310,-145.570974,76.5646595
Claudia Bauer,18,50071 Liu Square Apt. 731,Port Alexchester,Montana,72035,178.545838,12.999982
Michael Yoder,64,285 Paul Avenue,West Brittanyborough,Hawaii,07345,-134.585643,27.708503
Olivia Smith,57,6382 David Walk,Johnsonberg,Utah,72538,-146.558331,-28.2151645
Brent Newton,67,8643 Moreno Hollow Apt. 751,Roblesfort,Iowa,73992,-28.838950,88.722536
Dennis Hamilton,56,83778 Campbell Views,Wrighthaven,West Virginia,29545,-179.156451,65.7683525
Beth Bell,42,59750 Silva Pike Suite 238,North Donald,Massachusetts,26934,106.206594,-87.7780475
Michael Anderson,72,917 Ray Wall Apt. 111,Port Tinaburgh,Kentucky,91013,-158.699796,43.8176305
Samuel Owens,80,88845 Jackson Circle,Bushland,Texas,34821,-24.194910,-56.466416
Brittany Moreno,60,34714 Kyle Loop,North Tammy,New York,71431,-85.230968,79.047634
Brandon Miller,52,2340 Ryan Glens,Jenniferberg,Pennsylvania,95692,38.964150,56.463466
Sarah Thompson,58,977 Michael Greens Apt. 332,Lake Claytonland,Vermont,54708,171.894001,36.140615
Shawn Palmer,77,8846 Ibarra Isle Apt. 497,Ortegashire,Nebraska,34665,-28.630829,32.3256045
Stephanie Soto,78,0997 Mitchell Road,Lake Johnstad,Rhode Island,04666,133.135150,52.460200
Marc Porter,72,6518 Clark Ridge,Anthonyfort,Arkansas,79738,-123.562918,-62.196778
Douglas Gray,75,13959 Spencer Skyway,South Andrew,North Dakota,61862,-59.529016,68.847949
Derek Marsh,67,122 Ralph Crossing,New Kayla,California,22111,104.212266,-46.611006
Jared Garner,65,83468 Becker Keys Suite 260,Terrifort,Maryland,57897,60.481373,55.6987725
Daniel Pena,53,71237 Sloan Wall,East Kennethchester,Tennessee,08743,-4.393535,-56.634798
Jennifer Boyle,33,5159 Jacob Creek,South Emilyton,Hawaii,82341,-56.567755,14.8253295
Raven Taylor,76,071 Michael Summit,Emilyfurt,Illinois,70369,76.509415,-52.305182
Marcia Petersen,79,913 Stewart Roads,Lake Jamesside,California,62952,-154.018651,56.2287485
Miranda Moon,64,3091 Julia Walk,Hollyberg,Indiana,69379,-75.334292,-73.110894
Jade Gonzalez,68,65413 Erica Mission Apt. 275,Lake Kimberlyborough,Massachusetts,89183,86.394438,57.627834
Benjamin Mcgee,70,305 Mills Cove Suite 155,Catherinechester,Alaska,67163,80.887714,56.9409295
Brandon Singh,62,00046 Warner Squares,Josephstad,Idaho,19549,-162.591706,-83.373417
Christopher Petersen,78,4017 Powers Club Suite 270,Danielleview,New York,64466,-137.651151,-3.715603
Tracey Gonzalez,71,1483 Greer Plaza,South Shari,South Carolina,64159,59.881123,-54.911575
Sarah King,74,2415 Young Harbors,Bullockfurt,Vermont,81061,71.326562,63.609175
Robert Mann,79,95036 Gregory Corners Suite 068,Choiborough,Minnesota,56208,41.503328,33.8284855
Jake Mahoney DVM,75,243 Stephenson Dale Suite 064,Tonyton,Wisconsin,89716,70.697879,64.976409
Mallory Miller,29,150 Amber Flat Suite 231,East Katie,New York,15270,52.193938,-1.460328
Joseph Kim,57,857 Nicole Greens,Joshuafurt,Idaho,60381,48.919343,-68.948415
Bryan Savage,68,54492 Emily Divide,Tracyborough,Texas,12038,125.201245,15.980209
Diana Rogers,62,6703 Thompson Bypass,West Keith,Colorado,67182,-149.615197,8.5848345
Dakota Nelson,58,45090 Roman Villages,North Vanessatown,Kentucky,80086,-75.945823,27.187737
Tina Haney,43,1904 Flores Highway,Wyatttown,Oregon,37123,-4.711896,63.0985265
Daniel Thomas,79,54377 Beard Grove Apt. 366,Charlesshire,North Dakota,09872,19.481235,-11.3913275
Tracy Sanders,34,382 Mitchell Spring Suite 425,West Danielleside,Maine,96490,41.619384,27.612139
Dalton Short,57,88450 Olson Vista,North Mary,New York,08000,-103.910215,-79.3287835
Anthony Morales,75,960 Yates Plains Apt. 787,Fieldsbury,Idaho,30406,-134.950953,8.558379
Gregory Alvarez,53,65973 Leroy Ramp Suite 786,Patriciaborough,Arkansas,81929,-95.904784,-13.3487335
Lisa Allen,69,550 Michael Ports Suite 504,New Jessica,Illinois,24954,-35.603169,-28.0248815
Rebecca Durham,52,973 Park Extension,Hollystad,Minnesota,12562,-165.644980,49.745590
Daniel Anderson,52,342 Jones Trace Suite 524,Castillotown,Oregon,91714,-65.983569,-50.1608145
John Huynh,47,04825 Burns Crossing,Jenniferfort,North Carolina,83757,-36.131970,64.1387245
Jay Smith,41,866 Jessica Glen,New Christinafort,Maine,05959,-97.513868,-80.4696885
Paul Soto,55,148 Cynthia Springs Suite 929,Williamsside,Idaho,80851,-174.794342,20.0410555
Michael Olson,45,453 Brittany Villages,Perezborough,Kansas,29728,106.525741,-33.0808495
Dylan Lambert,70,40007 Armstrong Burgs,East Emily,New York,16410,162.294164,2.0730245
Samuel Ray,72,34693 Parker Shores,Meganbury,Nevada,20680,-168.814172,42.2968435
Vincent Camacho,73,139 Elizabeth Terrace,Jamesberg,New Jersey,34395,124.569375,-79.554682
Edwin Ramirez,48,9745 Hunt View Suite 196,New Erica,Wyoming,75981,89.603627,-75.449072
Sarah Ferrell,53,35958 Garrett Glens Apt. 953,Hunterborough,Nebraska,21840,73.234223,60.8738935
Jaime Rice,59,04206 Foster Prairie Suite 643,Courtneytown,Massachusetts,62032,-3.374410,79.525136
Pamela Rios,18,691 Burton Creek Apt. 308,New Andrew,Hawaii,70000,-146.520639,-9.772711
Angela Moore,29,55570 Michael Fields,Cynthiaside,New Hampshire,13488,-135.175778,86.970544
Paul Moon DVM,28,575 Johnson Fork Suite 484,North Jesseburgh,Virginia,30230,-95.361228,48.0160715
Megan Fischer,47,5857 Liu Canyon Apt. 713,Andreatown,North Dakota,24334,-177.616565,-17.6519425
Amber Whitehead,77,85958 Bates Parkway Apt. 335,West Rodneyview,Wyoming,11718,-112.562728,-73.5244605
Timothy Mendoza,54,55099 Rodriguez Creek Suite 253,Garcialand,Vermont,72896,-109.724486,-87.017189
Bradley Carroll,39,009 Wilson Crossing,West Shawnburgh,Missouri,78677,163.179971,-43.060298
Stacey Young,44,19808 Combs Flats Suite 637,Port Tina,Louisiana,30015,-89.331707,28.570804
Mrs. Tamara Copeland,79,1272 Jane Club Apt. 115,North Morganburgh,North Dakota,87271,74.598445,-15.412942
Sean Waters Jr.,41,17515 William Glen Suite 517,Brownport,New Mexico,16008,-154.707134,-80.397066
Douglas Joseph,36,525 Whitehead Underpass Suite 583,New Dennis,Nevada,68550,-176.428128,1.4315845
Zachary Gonzales,76,6327 Jonathan Ranch,Amberville,New York,95859,58.097523,-26.2312005
Gary Becker,34,25486 Connie Burgs Apt. 205,South Terryburgh,South Dakota,34816,121.193196,24.9568135
Christina Sanchez,41,73254 Montgomery Field Suite 019,Lake Larrymouth,Michigan,09498,25.152503,-28.434907
Alan Martinez,45,454 Ortiz Road,Hartmanchester,South Carolina,13488,-98.384472,-71.6337625
Renee Wallace,48,34099 Arnold Island Apt. 732,Goodwinberg,Vermont,38553,-90.174214,30.8048345
Carla Coleman,24,9272 Williams Loaf,West Brandon,Rhode Island,27746,-1.252650,-53.384245
Kaitlin Chan,44,61767 Wagner Mountain Apt. 585,Benjaminchester,Delaware,51219,-138.767750,-67.852011
Edward Johnson,69,2765 Amy Knolls Suite 493,West Robertbury,Vermont,18137,-53.120795,35.1061705
Megan Garcia,41,126 Nicholson Ford Apt. 892,West Lucas,Mississippi,69711,93.409651,71.3704345
Samantha Jackson,34,45328 Schultz Gardens,North Meaganside,Missouri,05884,52.056395,-11.977391
Derrick Guerra,32,1551 Smith Prairie Suite 899,Sanchezview,Pennsylvania,08986,-19.142441,-38.7238695
Jennifer Leblanc DDS,76,9038 Barton Knoll,Warrenchester,Kansas,44652,-175.501446,-89.0656875
Dominique Clark,18,69695 Hill Square Apt. 484,Laurieview,North Carolina,83168,-93.004587,-71.3766145
Mr. Duane Fields MD,64,8046 Carrie Ramp,North Jerry,Ohio,69617,-126.406095,49.756267
Megan Berry,18,6122 Patterson Spring,Lindseyside,Michigan,21820,33.210003,38.5713515
Ashley Day,58,060 Michelle Groves,North Raymondstad,New Hampshire,71513,169.456822,19.382496
Kelly Bell,67,189 John Road Apt. 629,Powellport,California,78148,-98.243968,66.376548
Eric Thornton,78,39555 Chandler Lakes Suite 751,Port Randall,Kentucky,48883,123.627406,-11.191058
Rodney Young,40,373 Robin Court Suite 900,South Jessicaberg,Maine,56544,-166.258702,63.086307
Kathleen Moreno,61,62086 Shannon Villages,Pattersonstad,Louisiana,02265,-172.141434,-24.9943085
Jennifer Cordova,52,4026 Lawson Glens,Jonathanchester,Georgia,24556,139.230203,29.3529735
Brenda Buchanan,53,63234 Clark Ford Suite 571,Barrerastad,Georgia,39430,62.816599,41.6372155
Erik Davis,75,90683 John Extensions Suite 984,West Robert,South Carolina,58217,147.937315,-18.137643
Michelle Navarro,74,6165 Brown Curve,Tracytown,Iowa,59550,99.652906,-65.716846
Christopher Green,50,442 Price Rest Apt. 443,Millermouth,Montana,70624,134.094577,61.6822995
Carol Barnes,32,0183 Benjamin Drives Suite 478,Bushmouth,Alaska,95740,-146.611557,52.993979
Tara Davis,66,248 Bradley Motorway,South Josephside,West Virginia,51855,-7.772903,24.3082645
Omar Travis,72,6406 Richardson Islands,South Jennifer,Washington,85703,-146.931071,-60.533271
Craig Schmidt,64,577 Braun Park,North Joel,Idaho,16423,-45.765105,-59.1284415
Ashley Hamilton,77,38495 Johnson Manor,New Melissa,Wisconsin,24792,-146.186661,86.740492
Mr. William King DVM,49,09227 Vasquez Points Apt. 398,New Meaganside,Iowa,29348,105.567346,-0.6912095
Andrew Snyder,74,17217 Edwards Terrace Apt. 120,East Natalie,Utah,25348,88.013627,-72.8295115
Matthew Welch,61,24984 Smith Cape,West Judith,Washington,81850,-55.208544,-70.3152045
Walter Hunter,41,9077 Anderson Valleys,Andrewchester,Georgia,25542,173.429678,-76.4515705
Tyler Mack,78,43464 Kelly Underpass Apt. 349,East Carrieburgh,Utah,91047,-152.572197,-29.406117
Shannon Williams,73,7033 Castro Unions Suite 431,Petersonhaven,Wyoming,58622,102.570922,50.5222895
Curtis Morris,71,8752 Austin Trail Apt. 506,South Juliefurt,Utah,12540,148.230129,-54.7972305
Wendy Stone,74,17682 Ortega Island Suite 113,North Kenneth,Nevada,30527,9.246121,17.653220
Maurice Hunter,21,75713 Richard Lake,Wrightburgh,Illinois,85967,57.311645,-25.4662165
Shawn Ramirez,75,1263 Justin Junction,West Cameronland,Ohio,27960,77.624148,-19.703543
Ebony Smith,61,254 Floyd Mountain Suite 811,Moyerhaven,Montana,02245,-62.996102,-89.557676
Beth Medina,80,846 Jennifer Freeway,Anthonymouth,Alaska,29659,-135.676316,-71.511683
Danielle Lewis,58,9231 Shane Roads,Foxburgh,Iowa,16201,-99.444335,-71.074849
Cameron Mitchell,51,14049 Jamie Light,Dawnfurt,Iowa,89628,13.011769,0.1587055
Gina Watson,64,34033 Elizabeth Islands Suite 209,Randolphmouth,Iowa,47494,85.648525,25.273735
Mary Gray,79,2981 Griffin Terrace Suite 944,Crystaltown,Alabama,49787,21.425804,58.798888
Julie Macias,35,771 Amanda Wall,New Lindsaymouth,Washington,48364,173.328071,-47.684582
Heidi Glover,29,7643 Kelsey Walk Apt. 113,West Ryan,Virginia,69762,43.042343,74.3924885
Michael Espinoza,69,78778 Smith Streets,Port Lisa,Georgia,99542,-24.879701,-85.5198785
Anita Luna,28,3887 Jack Locks,Lake Lisashire,Utah,42682,113.993585,-49.8053665
Joseph Olsen,53,3742 Jones Pines Apt. 378,Lake Austin,Minnesota,79047,28.811463,-72.343328
Chelsea Lewis,35,340 Bailey Prairie Suite 076,New Shawn,Arizona,72462,176.084198,56.186870
Samantha Nelson,32,080 Jones Lodge,South Tiffany,Virginia,52378,-151.774351,69.691206
Amanda Morris,47,11691 Sherri Mission Suite 076,Brianshire,Mississippi,74412,52.830064,31.584288
Darren Ibarra,56,56537 Calvin Center,North Catherineview,Maine,57614,-143.313089,27.975450
Austin Rogers,63,4371 Justin Meadows,North Edwardmouth,Illinois,52445,66.000161,15.9452325
Travis Smith,62,705 Russo Highway,Marcborough,Washington,92177,-89.359348,56.6674395
Robert Johnson,65,9978 Hunt Route Apt. 318,East Kelly,New Jersey,82434,-4.073165,28.479261
Tyler Hamilton,32,5658 Deborah Row Suite 521,New Brandonchester,California,42512,-176.346304,37.661559
Xavier Smith,68,002 Ruth Expressway Apt. 889,Benjaminborough,Michigan,88107,-121.843941,-9.1744985
Erin Pittman,27,673 Joel Drive,Johnstonstad,Nebraska,66306,-72.638005,-29.2935585
Sarah Taylor,61,932 Christopher Pass,Faulknerville,Washington,34072,-143.535227,45.2728175
Thomas Lawrence,27,2604 Knight Squares,North David,New Mexico,04469,-68.934674,27.807387
Keith Thomas,64,55413 Nancy Motorway,Wilsontown,Kansas,57326,6.273119,8.2803345
Jordan Pitts,58,355 Jerry Mountains Apt. 795,South Stacey,Michigan,01233,114.424990,-8.2154955
Brandon Nichols,77,2634 Kenneth Canyon Apt. 489,Lake Yvonnechester,Colorado,93365,-149.126932,20.458964
Stephen Castro,48,069 Corey Alley,Jacobstad,Wyoming,44613,-32.443343,-67.1557065
Kyle Neal,38,25314 Robertson Rest,North Travis,Vermont,76948,-165.932298,-33.6540035
Margaret Tucker,75,582 Jonathan Mount,East Cole,Idaho,17819,-139.239585,89.311837
Kristen Anderson,22,81304 Schroeder Parks,Evanshire,Delaware,38000,94.320008,12.068600
Jason Thompson,43,722 Burke Terrace,Turnerport,Oregon,77161,-50.188037,88.2067205
Lauren Jones,53,65657 Tina Glens,New Jacob,Maine,30347,148.021194,-31.4259275
Krystal Curtis,74,38114 Morse Loop,Thomashaven,Virginia,53962,39.018403,16.650419
Melissa Johnson,56,03055 George Loaf,South Michaelburgh,Virginia,06445,21.751825,-21.0004725
Samuel Gregory,21,4225 Johnson Port Apt. 901,Lake Juliafort,Hawaii,06969,-46.692245,-10.7154575
Sabrina Farley,72,861 Michelle Center Suite 953,South Sydneymouth,Michigan,46453,-62.736974,-60.430251
Nicholas White,27,35832 Colleen Burgs,Guerreroville,Mississippi,06085,-159.299349,8.7949485
Mark Phillips,30,43872 James Street Apt. 125,Katieton,Vermont,87605,-85.891116,14.763058
Patricia Jones,70,5223 Michelle Causeway,New Lisaberg,Mississippi,83529,-76.754101,-30.8009745
Darin Simpson,59,9699 Lopez Forges,Stevebury,Alabama,20118,-112.544420,-51.0369755
Kelly Sanchez,28,243 Austin Landing,Lauraview,South Carolina,43063,40.703485,-38.873676
Vincent Wise,53,5434 Mccormick Pike,Danielton,Minnesota,71519,-144.212162,-71.0708885
Heather Duarte,77,32169 Jonathan Islands,Port Jamesfort,Oregon,74294,53.259679,-85.1491395
Calvin Castro,55,2222 Joshua Trafficway Apt. 016,New Veronicaport,Missouri,05720,-72.085487,-7.609779
Angel Chan,22,72358 Karen Court Suite 137,Meganchester,Colorado,17574,123.591570,-45.569056
Eric Dyer,21,8644 Ward Fords Suite 649,Hatfieldport,Pennsylvania,29334,-19.091111,64.0521175
Nicole Sandoval,65,07446 Sonya Pine,South Alicia,Oklahoma,04682,-35.031730,-22.1959145
Christopher Davis,21,744 Eaton Junction Apt. 142,Lake Samuelbury,Ohio,23581,-51.299856,-74.3525235
Andrew Kennedy,43,792 James Mews Apt. 631,Paulton,Kentucky,74296,114.476112,-48.7119605
Michael Baker,69,6075 Romero Prairie Suite 758,Markville,Vermont,91878,59.987295,37.135088
Christopher Clark,34,94282 Odom Forges Apt. 475,Hurstfort,New Mexico,00728,165.752096,-72.999707
Anna Kelly,79,013 Helen Row,Lake Claudiaport,New Mexico,11250,176.220349,-49.596761
Patrick Harris,41,2992 Johnson Crossroad,Paulaton,New Hampshire,30365,165.031986,57.849473
Cindy Bradley,33,18788 Traci Station,Port Victoria,Colorado,40996,16.246699,9.064492
Donna Green,71,58841 Courtney Radial,Andrewberg,Indiana,65916,69.189693,25.9041545
Brian Harris,80,71991 Anthony Passage Apt. 492,East Davidberg,Nebraska,17026,107.471039,-31.115730
David Curtis,30,370 Jefferson Landing,West Susan,Pennsylvania,90944,-52.105730,-74.909037
Anna Lawrence,40,9258 English Drive,Port Hectorburgh,Hawaii,07191,-5.088336,86.1056145
Diane Lawson,43,80363 Sara Locks,Davidport,Wisconsin,66111,15.928145,-36.099527
Lisa Holloway,64,8093 Lara Cliffs,Heatherhaven,Ohio,25340,69.784116,31.781997
Kurt Reed,74,11705 Hines Street,East Christopherside,Missouri,27343,142.687642,83.732584
Daniel Gutierrez,65,48001 Kevin Parkways Apt. 558,Port Robert,Oklahoma,01486,-148.976556,35.231832
James Valenzuela,30,8616 Timothy Freeway,Natalieberg,Nevada,68825,41.445885,88.4390375
Adam Garcia,20,59328 Murray Tunnel,Danielchester,Kansas,90282,-72.437623,45.6653245
Lisa Johnson,79,08967 Gabriel Rue Apt. 940,Washingtontown,Arkansas,19014,57.854063,-56.773164
David Martinez,24,69768 Moore Mount,Derekbury,Oklahoma,85689,-164.953586,41.906565
Shawn Jackson,74,7044 Amanda Mall Suite 697,Melissaborough,Arkansas,82502,-119.929125,-74.2107805
Misty Haas,51,706 Amy Freeway Suite 737,North Katie,Massachusetts,28769,110.730225,83.5513425
Anna Carroll,57,250 Herring Alley,Brooksshire,Utah,70701,125.898131,68.4473525
Emily Owens,45,9515 Deanna Cliffs Suite 579,Buchananbury,Florida,67569,17.410114,47.480473
Dawn Lewis,73,9754 Dennis Groves Suite 810,Katherinestad,Texas,43254,65.805499,-3.987362
Jonathan Wiley,28,9393 Katrina Meadow Apt. 325,Jacksonchester,Louisiana,41576,24.868217,-49.2359025
Elizabeth Carter,68,482 Arias Ways,Feliciaton,Arizona,11377,-83.394128,-59.3879305
Darlene Mcpherson,29,18960 Alex Villages,West Oscar,Delaware,04911,-143.797277,25.4841675
Steven Casey,34,50951 Robert Cliffs,Wesleymouth,Tennessee,93897,-177.547132,84.9159985
Matthew Padilla,45,884 Ryan Loaf Suite 758,Hansenhaven,California,75271,-10.944337,-7.9615725
Stephanie Pierce,21,056 Monroe Mews Apt. 063,North Brentville,New York,20036,147.306798,-59.3978825
Nathaniel Harris,63,87407 Megan Estates,Port Wendyfurt,Indiana,86202,173.564135,59.835399
Shane Roach,26,95140 Hood Glens,North Sarahview,Nevada,13607,122.758832,49.3337915
Sue Johnson,70,71619 Karen Valleys Apt. 440,Leeview,Delaware,64996,128.023901,-89.099463
Matthew Fry,46,868 Wolf Field,Jenniferburgh,Delaware,22265,57.285588,60.1378595
Timothy Rubio,60,23873 Kaiser Forge,South Jonathan,Louisiana,88878,-95.828556,18.5493485
Russell Myers,47,316 Tanya Street,North Shawn,Illinois,23289,-129.764413,51.252673
Melissa Alexander,36,590 Joseph Shore Apt. 517,North William,Vermont,57323,-167.983285,70.4712945
Keith Lopez,51,63132 Franco Freeway,South Michellebury,Colorado,95130,151.541893,-66.959391
Benjamin Navarro,47,1271 Smith Groves,Christopherview,Georgia,68249,29.030688,17.6640295
Aaron Jones,57,4939 Wells Vista,Yangborough,Indiana,36933,-1.503868,-47.491424
Aaron Hawkins,74,6134 Hanson Mountain,Lake Lindseychester,Michigan,34020,101.776071,24.2331585
Renee Green,27,59863 Foley Knolls,Burnsburgh,Nebraska,52635,-121.806159,-44.990100
William Smith,76,65961 Moody Landing Apt. 396,Winterschester,Delaware,79928,-30.358323,-34.7367355
David Ruiz,71,42976 Danielle Course Suite 258,Mclaughlinland,Utah,00869,94.391280,46.886710
Vincent Zimmerman,69,870 Robert Circles,Martineztown,New Mexico,68177,-67.717144,3.1887375
Michaela Miller,42,992 Jeremy Inlet,Hernandezshire,New Hampshire,60326,124.683088,-76.342468
Patricia Rodgers,69,7846 Richard Course Suite 117,Galvanborough,Florida,14689,-60.886327,37.229135
Alex Booth,20,88382 Chandler Creek Suite 706,Lake Teresa,New Hampshire,85966,-120.848953,-30.179111
Morgan Young,32,78784 Dustin Camp Suite 428,New Terriland,Idaho,85622,89.374728,32.279812
William Wilson,60,7614 Holmes Branch,Adamsborough,Ohio,12261,116.263275,-56.9008255
Debra Chung,51,53918 Brown Village,East James,Delaware,99605,-87.583866,-54.6710775
Rebecca Moreno,43,5956 Michael Light,Christopherchester,Washington,93675,-148.022228,-57.9887755
Jordan Vargas,33,2796 Martinez Valleys Suite 476,East Jeff,Indiana,90466,93.039535,61.6784975
Nicholas Simmons,21,26430 Cody Groves,Jacquelinetown,Oregon,83282,135.613323,-80.933607
Robin Simmons,41,7240 Christopher Meadow,New Jonathantown,Kentucky,54191,-92.752890,-34.1824395
Larry Castro,58,61927 Bell Bypass Suite 337,Burtonfurt,Kansas,00999,168.527378,-32.489061
Taylor Murphy,70,53862 Franklin Dam Apt. 131,West Brandon,Ohio,93943,138.480833,37.022255
Jonathan Davis,33,341 Villarreal Divide Suite 419,East Kendra,Missouri,58134,109.049828,55.4645535
Susan Herman,30,7167 Dylan Trace,Port Williammouth,Vermont,61735,144.525530,59.030563
Dr. Francisco Garcia MD,48,884 Howard Streets,Osbornport,Alabama,81363,132.925437,86.3232185
Megan Taylor,41,2727 Candice Islands Suite 397,East Melinda,Indiana,15654,-89.024838,-42.068902
Lori Wilson,73,97189 Wilson Fall Suite 205,Joelberg,Florida,84978,-78.663557,71.0743435
Alan Figueroa,77,406 Curtis Points,Hubbardshire,Maine,67580,-116.593445,74.757749
Joshua Hernandez,58,61355 Brown Tunnel,Bennettview,Missouri,03847,97.044923,63.828315
Jerome Burns,36,01652 Isabella Village Suite 651,Michellemouth,Minnesota,36324,111.381850,68.364805
Katrina Jimenez,37,759 Garcia Drive,North Ronald,Illinois,91726,-96.175794,-82.996150
Anthony Gardner,40,217 Robinson Meadows,Johnsonfurt,Missouri,53854,80.954032,26.1537865
Jack Malone,76,34722 Nancy Throughway,Lawsonmouth,Nevada,60475,-109.499219,-75.405649
Dr. David Holmes,18,561 Rodriguez Loop,New Christineborough,Georgia,77234,133.710775,39.3163575
Sally Cruz,79,697 Ryan Haven Suite 949,Port Kristina,Idaho,28797,43.392972,-32.6277565
Alexis Mayer,70,81611 Ryan Groves,Jeffbury,Utah,70524,-10.766204,21.027220
Steven Johnson,60,955 Michael Union,Lake Shanemouth,Missouri,42577,-126.984979,-46.3952165
Corey Sanders,61,61055 Julie Mews,Watsonborough,Ohio,59736,61.561614,88.1516055
Charles Lopez,23,4656 Monroe Highway,Rebeccahaven,New Mexico,13923,56.331534,-70.270194
Dakota Wong,52,85471 Susan Gateway,Kellystad,Mississippi,33701,-1.568945,-8.8707645
Heather Thompson DDS,29,217 Armstrong Parkway,Randyborough,Wyoming,51540,79.904819,41.634594
Elizabeth Horne,67,356 Sanders Unions,Phillipsmouth,Vermont,85507,-160.550082,-15.5015155
Karen Estrada,29,21926 Sullivan Haven Suite 054,Breannashire,Ohio,99751,-0.158351,-81.757618
Nathan Hester,31,797 Connie Bypass Suite 442,Port Jessica,Hawaii,38221,-36.946749,53.9757125
Tiffany Walters,25,4713 Russell Fork,North Michelleland,Tennessee,86695,147.318758,-1.5544375
Jimmy Martin,53,85552 Johnson Points Apt. 151,West Shelleyberg,Oklahoma,04254,-157.623311,11.1476215
James Maxwell,66,323 Ford Forks,Christianborough,South Carolina,62090,20.943927,32.7031505
Alexander Jensen,18,4039 Reed Vista,Kathleenburgh,North Dakota,09495,-143.546978,27.0100745
Morgan Conley,48,0066 Jonathan Divide Suite 504,Rachelville,Rhode Island,81014,-138.315983,-1.0677735
Zachary Hansen,43,7791 Brown Mountain,West Holly,Alabama,58672,-14.554506,-26.306076
Brian Butler,32,027 Randy Springs,North Julie,New Jersey,59355,128.821713,51.786269
Jessica Jackson,50,190 Elizabeth Isle Suite 384,South Kelseyfurt,Wyoming,28977,-113.472037,-45.203977
Kevin Santos,44,172 Holmes Burg Apt. 721,Barkerbury,Nebraska,67668,-45.012253,14.1478725
Patricia Roach,74,09290 Edward Union Apt. 276,West Adam,North Dakota,90453,-157.071971,8.0670055
James Ball,26,30936 Tamara Flat Suite 234,West Timothy,Washington,59146,69.177364,-16.3891275
Richard Knight,31,7505 Debbie Estates,Lanehaven,North Dakota,06195,-4.911965,82.406284
Joe Young,30,71610 Allen Route Suite 311,Gordonville,Nevada,86460,65.127335,25.441059
Elizabeth Glass,41,8659 Cannon Common,Lake Jamesfurt,Alaska,76466,-21.361009,-8.211610
Robert Todd,39,897 Kimberly Ford Suite 267,Port Brianstad,North Dakota,25062,-172.199679,-57.104672
Angela Malone,54,15245 Foster Ridge Suite 611,Danielleborough,Indiana,38280,-175.424228,30.8627125
Lindsay Leblanc,62,2259 Griffith Court Suite 717,Dyerport,Virginia,58108,-8.337449,-12.0447395
Nancy Brown,39,8148 Mann Mount Suite 693,Rochaton,Kansas,02068,19.210957,2.6103695
Sandra Farmer,51,354 Andrea Underpass,South Michelle,Arizona,77807,34.616346,40.177185
David Koch,38,08179 Stacey Gateway,New Robertside,Connecticut,52117,-154.162175,-30.618459
Michael Ramos,25,9297 Carter Summit Apt. 119,Lake Sheila,Mississippi,70907,-177.823658,27.6814125
Matthew Singh,60,0395 Mcbride Road Apt. 759,South Christopher,Iowa,92487,55.719767,41.8652075
Patricia Black,45,092 Elizabeth Turnpike Apt. 873,Williston,Indiana,16428,-15.425124,-69.985378
Terry Costa,57,40425 Nicholas Alley,Johnschester,Minnesota,76108,50.409036,54.722556
Taylor Hayes,79,31741 John Haven,Roberttown,Connecticut,08679,-69.581740,62.8313655
Jo Palmer,23,24326 Watson Run,East Stevenside,New Jersey,22647,179.350221,-61.0832195
Aaron Mann,76,40407 Alvarez Gardens,Petersonside,New Jersey,26577,124.057455,13.6432565
Renee Mitchell,44,35372 Alyssa Glens Suite 643,Melissaside,Nevada,45990,-92.615658,76.6834705
Anthony Bennett,59,0975 Roman Villages,Lake Sara,Hawaii,36729,-167.841580,64.859937
Ms. Rachel Little,72,6731 Felicia Loaf,Nguyenside,Maryland,99846,-169.613312,35.733931
Courtney Brown,77,577 Cheryl Harbor,Port Andre,Wyoming,71134,-121.670279,-73.3519805
Kathryn Gilbert,31,89178 Rogers Causeway,North Christine,Virginia,31377,-76.892319,-27.9311745
Paul Hensley,70,966 Parker Crossing,South Andrew,Washington,80786,93.378695,39.2875615
Amy Meadows,53,12515 Sanchez Turnpike Suite 353,Lake Sean,Kansas,91094,68.781042,-87.849934
Taylor Hernandez,66,27290 Shelton Forks Apt. 695,Port Tommy,Indiana,55256,6.624818,-70.453891
Michael Ryan,76,7378 Kristen Crossroad Apt. 435,Juliefort,Maryland,73272,125.752077,67.791004
David Richardson,67,30647 Bryant Island,North Alexberg,Maine,52072,-54.851379,-68.045513
Hannah Hopkins,53,679 Tate Camp,Mikebury,Minnesota,23643,-168.673980,-82.544370
Kevin Pena,48,99338 Luis Brook,West Juanside,Tennessee,08868,-172.998446,-54.0202035
Anthony Brown,43,67644 Robert Islands Suite 567,Nicoleport,Alaska,42496,76.595899,-29.105140
Richard Curry,49,061 Helen Loop Suite 937,Port Adam,Montana,37889,-77.921302,83.6027825
Andrew Wilkins,27,039 Raymond Motorway Apt. 809,Sherryfort,Maryland,35006,-93.365986,5.4856565
Sara Walker,30,169 Shawn Highway,Nicholasberg,Montana,67364,177.673673,76.1487215
Nathan Weeks,42,37065 Jose Gardens Suite 825,West Johnview,Nebraska,12483,104.123168,8.6060305
Cory Love,21,831 Kelly Station,New Jordan,Nevada,76640,54.242262,-37.507577
Carol Jones,76,7742 Alicia Glen,Walkerland,Indiana,32190,53.529073,-20.6995595
Joseph Williams,24,80594 Michelle Trail,West Cynthiaview,Nevada,43529,29.100793,-77.529852
Janet Yates,33,9742 Erickson Branch Suite 134,West Joseph,South Carolina,51921,86.234794,-35.559836
Bethany Thomas,64,33540 Berry Canyon Apt. 746,Pattonmouth,Georgia,57867,-54.056455,-66.854005
William Smith,30,46345 Holder Circle Apt. 108,North Stephanieville,Colorado,11089,-84.659785,-3.189020
Paul Francis,58,963 Angie Station,Yvettefurt,Utah,45936,-135.990689,-21.106529
John Vaughan,53,71986 Bell Spring Suite 009,Kimberlyfort,Iowa,01720,12.752468,34.027792
Matthew Espinoza,35,6392 Daniel Glen Apt. 665,New Brittanyland,Arkansas,84253,-82.046862,-73.836639
Bryan Jenkins,27,0747 King Wells Apt. 476,Johnport,Washington,06518,-25.289977,-86.5734715
John Lopez,70,470 Garcia Branch Suite 672,Wilsonview,Utah,82751,-83.215890,-9.020663
Ryan Buck,33,3502 Scott Stravenue Suite 597,South Jordanshire,New Hampshire,58007,-24.728020,-9.0373835
Robert Jackson,66,3505 Smith Ramp,New Melaniefort,Wisconsin,66735,-138.745745,68.768123
Ryan Conway,50,3757 Cynthia Plaza,Tiffanyburgh,Iowa,29116,170.567030,-89.197270
Sarah Perkins,65,27830 Seth Highway,Jasonchester,Maine,40468,159.948680,-16.711905
Mrs. Kathryn Parker,33,4083 Johnson Terrace,Hardyberg,New Hampshire,46964,129.542403,-56.2452055
Jeremy Anderson,22,79753 Nicholas Green Apt. 053,Samuelberg,Colorado,19437,-112.331214,77.765600
Christine Bishop,61,54358 Kristin Coves Apt. 236,Allisonview,Minnesota,91790,131.609078,-69.281649
Dennis Davis,54,216 Michael Extension,West Anthonyberg,Massachusetts,86779,78.083119,78.2265735
John Brown,51,0520 John Extension Apt. 471,West Stephenborough,Nebraska,25524,-43.724774,-64.9800175
Michelle Long MD,21,98342 Carroll Rapid,Loveberg,Minnesota,30583,83.861937,48.6420365
Christina Perkins,20,843 Shannon Wall,New Emily,California,73669,-160.108227,52.6865455
Devin Wood,55,3884 Amanda Views,East Tracy,New Jersey,13657,-174.116627,-53.5404215
Dr. Darren Rose,64,3108 Herrera Crest Suite 460,North Alexis,Colorado,98714,149.406759,68.093868
Cynthia Wheeler,45,409 Stephen Bypass Suite 160,Port Brianview,Alabama,76779,86.305311,-18.432450
Jamie Duke MD,29,535 Long Mountains,Andrewsview,New Mexico,36884,134.477299,-22.7446385
Mark Price,75,8797 Kelly Well,New Matthewburgh,Wyoming,66458,-149.208632,-69.214278
Philip Evans,76,697 Richard Branch Apt. 203,South Nicole,Wisconsin,58270,106.734676,14.9300235
Crystal Perez,37,853 Sanchez Union,New Anthony,Nebraska,19027,-59.632401,-55.851081
Mark Garcia,42,9535 Butler Club Apt. 276,West Brett,South Carolina,56591,104.708468,-64.020286
Rodney Buchanan,38,69887 Ricardo Motorway,Knoxside,New Hampshire,04550,-92.044028,-53.5159625
Ryan Graham,18,80526 Kimberly Junctions,Martineztown,Indiana,00604,72.608421,68.5870855
Alicia Palmer,45,90489 Stuart Orchard,New Nicholasbury,Oregon,94170,-109.230073,-46.5205865
Alicia Roberts,31,485 Kristin Loop Apt. 105,Meganfurt,Alabama,37542,-158.155934,34.7334805
Juan Holmes,63,04692 Amy Vista Suite 140,Adamshire,Alabama,90789,48.512337,42.326487
Robert Clarke,74,23823 Henderson Burgs,Spearston,California,89787,158.206900,-72.9240295
Jessica Davis,31,37763 Luna Parkways Apt. 888,Port Chadfort,Vermont,55780,109.059016,19.0065355
David Powell,34,670 Reynolds Road Apt. 830,Wrightville,Montana,63315,-137.894021,-73.047825
David Suarez,63,496 Meza Port Apt. 059,Lake Chadmouth,New York,03065,126.723098,70.0208535
Michael Bowen,30,20734 Donald Ridges,Jimenezbury,Washington,58354,-118.996522,-14.003431
John Estes,52,2443 Bentley Circles,Port Angelafurt,Oklahoma,26455,121.996594,37.425055
Carmen Andrews,58,58201 Howard Village Apt. 387,New Susan,Tennessee,06272,-98.865707,22.9972455
Lori George,30,4508 Cynthia Squares Suite 913,Maryland,Nebraska,71295,157.702914,-28.6460585
Haley Miller,42,008 David Brook Apt. 579,Jenkinshaven,Mississippi,98342,135.437249,-46.9929595
Aaron Woodard,77,396 Dawn Tunnel Suite 828,Timothyshire,Ohio,56805,-47.789060,68.056226
Logan Jacobs,34,6996 Kline Rue Apt. 774,North Jennifer,New Mexico,90925,97.429184,-45.7901585
Stephen Carter,54,511 Alison Camp Apt. 301,Pamelachester,Colorado,22675,136.486342,-31.3828205
Jennifer Williams,70,79345 Morales Gardens,North Lauren,Mississippi,62619,-174.223168,26.888414
Brett Thomas,73,28571 Miranda Ports,North Chelseafurt,Maryland,76665,-10.523923,-52.763978
Jeffrey Cox,69,629 Rivera Ridges Suite 551,Jacksonburgh,Florida,10871,-147.873869,-28.3924235
Daniel Anderson,31,0020 Friedman Shore,Howeburgh,Hawaii,70839,11.179601,-45.390863
Jennifer Bell,18,978 Lopez Mews,Lake Amyton,Arkansas,67969,123.012307,29.5541565
Charlene Mckee,58,9439 Sullivan Spring,Jamiemouth,California,32813,21.892869,75.1758245
Kelly Conley,36,209 Jordan Run Suite 206,North Stephanie,Illinois,96127,-103.919262,-82.071259
Sarah Dixon,62,582 Gordon Rue Apt. 826,Mossbury,Rhode Island,03737,91.533372,-34.565115
Stephen Wright,29,867 Shields Plains Apt. 389,Robertside,Washington,29165,175.760243,-75.1325225
Stacey Johnson,72,916 Gregory Tunnel,Mccartyville,Vermont,46583,5.049124,-71.4297055
Lisa Trevino,45,050 Martha Streets,Warnerbury,Connecticut,65126,22.863824,-40.9956265
Nathan Mcdonald,66,87014 Samantha Plains,Fordchester,Wisconsin,15969,-48.261183,47.6980115
Charles Atkins,66,199 Smith Alley,West Sarah,Alaska,61162,-119.819564,-53.0167375
Carl Vazquez,79,5618 Becker Mall Suite 761,South Anthony,Illinois,43791,7.372134,-52.744933
Diane Martin,51,745 Dickson Rapid Apt. 316,East Stephenmouth,Michigan,18260,-97.384872,33.0460955
Jessica Lopez,36,3236 Powers Ford,Port Rhonda,Vermont,62058,-36.470684,-21.175512
Anthony Hansen,56,06263 Odom Skyway Apt. 777,West Krystalborough,Kansas,42346,-164.638717,71.8534995
Heidi Scott,59,35046 Carlson Viaduct,New Kristinburgh,Delaware,73320,-21.166779,54.2291335
Daniel Tyler,40,02969 Daniel Crescent Suite 325,Andersonshire,New York,64513,56.240217,-61.1981145
Jackie Livingston,49,95170 Aaron Roads,East Meredithland,Virginia,04422,52.737568,-9.6115425
John Brown,33,48348 Marshall Creek,Sheilabury,Indiana,72893,157.616452,-62.9300925
Samuel Williamson,66,978 Stone Shoal Apt. 272,Knightland,South Dakota,05115,-158.793860,64.8196615
Dustin Garza,38,973 Burns Lodge,Morganville,Vermont,19714,-49.714401,55.0319775
Makayla Pierce,35,58523 Brandon Circle Suite 020,Morenoshire,West Virginia,83003,122.684407,44.678131
Donald Allen,75,62506 Frank View,South Jenniferhaven,Nevada,52503,-101.436441,-28.671253
Jeffrey Smith,62,64928 Andrew Park Apt. 538,Christopherstad,Rhode Island,01480,-125.785285,33.184475
Shelby Dougherty,67,7381 Joseph Fields Suite 598,West Brandonhaven,Georgia,86203,44.706226,56.7980845
Kenneth Walton,27,77479 Perez Stream,Rachelstad,Montana,73868,-78.793326,26.538277
Brandy Charles,64,288 Tammy Vista,Lake Nicholas,Tennessee,53367,91.184023,-34.2098475
Stacey Santos,30,894 Michael Route Apt. 417,New Eddie,Michigan,59035,-45.592681,-19.1075285
Anthony Velez,63,810 James Corners,Port Kathleenhaven,Hawaii,29271,-133.570999,30.8834335
Vincent French,69,699 George Cliff,Goodburgh,Minnesota,88229,128.184662,82.5955935
Angela Cook,30,9312 Kimberly Inlet,Carolynstad,Colorado,38723,32.115677,52.0439485
Benjamin Harris,72,297 Alisha Inlet Suite 701,Ericville,Missouri,66072,104.116207,-1.2016315
Jeffrey Casey,27,13733 Mccormick Manor Apt. 392,South Peterfurt,Washington,15251,1.670957,-14.673394
Kaylee Bolton,40,715 Taylor Green Suite 227,Jeffreyburgh,Colorado,77404,-45.088925,68.163233
Christopher Freeman,25,930 Debra Tunnel Suite 283,South Melaniebury,New York,62910,50.307723,-2.9266325
David Christensen,66,361 Tricia Point Apt. 167,Martinstad,Iowa,52124,-136.900969,-39.1368155
Mr. Christian Hart,32,266 Coleman Circles,South Rodneymouth,Alaska,92177,-175.609794,-84.126414
Robert Garcia,20,538 Gutierrez Hill,Kimberlymouth,Kentucky,43924,164.155752,-24.2145265
Chelsea Griffin,53,769 Simmons Trace Apt. 431,New Emily,Georgia,94094,-17.978480,-89.5195895
Michael Walker,31,525 Barbara Prairie Suite 643,Acevedofurt,Florida,96216,-154.802345,64.336892
Nathan Smith,78,1813 Williams Mews,North Jerry,North Carolina,71225,-80.633758,75.4379875
Curtis Cooper,62,55153 Philip Bridge Suite 800,Port Oliviashire,Indiana,20428,-14.989652,-6.706554
Steven Martinez,37,913 Matthews Bridge Apt. 388,Cervantesmouth,Texas,99502,-3.961998,65.894735
Kristen Freeman,71,6531 Shirley Shoal,New Travis,Delaware,36578,100.044490,71.6241525
Debbie Jones,19,090 Knight Creek Apt. 363,Smithberg,Michigan,87240,90.531608,87.1536975
Nicole Sanchez,44,138 Ramirez Pine,East Christopherfort,Delaware,61390,-124.398984,-70.809194
Mrs. Vanessa Tran,42,116 Robert Falls Suite 146,Rogersstad,Connecticut,20479,138.063991,87.083724
Heidi Dawson,44,091 Daniel Terrace Apt. 797,Juliastad,California,82362,4.563314,-1.3473045
Sara Collins,78,377 Chad Keys Suite 218,Hansenland,Florida,26187,129.531690,43.074841
Brian Lee,20,1632 Austin Light Suite 974,South Robert,Indiana,53518,68.069607,56.2330315
Ricky Moss,20,793 Knight Cape Apt. 890,New Christopherton,New York,15058,141.153702,52.029126
Teresa Yang,57,91803 Sarah Knolls,East Michael,Illinois,87603,22.033577,-2.822176
Erika Poole,72,94532 Elizabeth Vista,Garciafurt,Kentucky,29731,53.045898,-25.509656
Stephanie Nielsen,18,1997 Steven Junctions Suite 357,South Maria,Iowa,40295,163.526889,77.921627
Andrew Moore,27,344 Matthews Fall Apt. 284,Griffinton,Vermont,28262,18.884201,44.8640425
Mario Ellis,40,534 Huff Wells Suite 563,Timothyfort,Nevada,42491,76.120225,-71.301431
Teresa Foster,33,131 Elizabeth Crossroad Apt. 499,Katelynshire,Virginia,93839,124.911970,-84.7461525
Anthony Grant,28,828 Mullins Junctions Apt. 981,Port Daniel,New Mexico,20133,-176.236601,41.934943
Sheila Allen,30,930 Jennings Bridge Suite 861,New Jacob,Minnesota,78861,166.466265,8.6621905
Brian Reed,58,3133 Black Gardens Suite 217,North Patriciaborough,Virginia,08566,124.219039,-63.282917
Henry Buck,50,4602 Wilson Club,Dominguezborough,Maryland,95580,145.574321,63.043335
Lynn Young,65,60079 Tanner Brook Apt. 672,Christopherville,Arkansas,04310,143.214759,-58.885862
Theresa Jones,33,83989 Wagner Spurs Suite 506,Moranburgh,Pennsylvania,05885,-159.988590,-28.612213
Dr. Haley Johnson,64,675 Melanie Isle Suite 347,East Joshuabury,Ohio,27134,-52.977219,-82.439975
Andrew Reynolds,35,735 Christina Pines Suite 684,Port Rachelland,Wyoming,07703,31.007189,30.2848665
Charles Simpson,73,75367 Wood Meadows Apt. 717,South Andrewborough,Arizona,46782,-103.052327,-50.557156
Justin Lee,25,329 Scott Avenue,West Michaelborough,Vermont,84457,-84.850942,-50.7133595
Megan Barron,74,791 Madeline Shoals Suite 211,Ronnieton,Arizona,36770,-114.019669,41.822468
Kristi Tate,44,180 Jones Prairie,North Allisonport,Vermont,70848,4.206082,-12.1325105
Ariana Brown,29,93380 Hunt Squares,Jessicaview,Virginia,36322,-33.907251,-42.834305
Linda Turner,30,532 Hill Summit,Andreahaven,Minnesota,57803,-172.568438,-45.823060
Raymond Russell,32,6151 Sweeney Rapid,Ryanville,Indiana,02227,27.059256,-3.2006145
Debbie Howard,42,7621 Wu Mission,North Isaiah,Massachusetts,97544,82.160724,-17.511996
Trevor Chambers,31,9347 Marissa Inlet,Justintown,Iowa,43355,-103.438434,46.5535165
Megan Cameron,51,66225 Morris Land Suite 513,Susanfurt,Mississippi,36945,8.135861,-8.295587
Kathy Holmes,54,788 David Locks Suite 008,North Samuelborough,Florida,06171,17.756347,72.546618
Cody Gonzalez,28,65713 Jason Bypass,New Samantha,Arizona,16314,-46.759552,-82.6873425
David Craig,52,0416 Ryan Crossing,Cooperport,Maine,04639,-1.977980,-25.896718
Jennifer Powell,71,3975 Hobbs Islands,East John,Wisconsin,00702,179.757358,-40.2498805
Theresa Bean,35,876 Mills Shores Apt. 166,Walkerstad,Rhode Island,77563,-114.523433,-23.6168685
David Holloway,56,765 Tiffany Spur Apt. 717,Nathanielborough,Texas,40521,-69.466193,33.7300805
Omar Levy,62,0589 Hart Shores Apt. 659,North Julia,New Mexico,02965,-46.985551,16.3303475
Judith Sanford,37,228 Kathy Drive Suite 246,West Johnshire,Alabama,78012,-148.520063,49.833364
Ashley Church,59,06021 Christina Mall Apt. 414,West Nicholas,Wyoming,79863,-86.223806,66.899746
Kelly Schneider,62,012 Jacob Glen Apt. 996,North David,Rhode Island,16861,-80.726988,69.7813535
Angela Weber,18,058 Weber Lake Apt. 288,Taylorbury,Washington,41168,-23.200540,-29.238219
Deanna Page,40,9961 Danny Freeway,Pamelamouth,Tennessee,92062,-29.524293,-2.1567905
Elizabeth White,61,870 Williams Oval Apt. 397,Port Kristen,New York,96724,-27.716550,-4.475885
Michael Johnson,18,13457 Baker Centers,West Grant,Wyoming,05342,-109.203238,-25.380573
Jessica Bowman,45,73733 Debra Forge,Michaelstad,Ohio,77006,155.090681,-33.6338745
Sherri Monroe,43,17631 Diana Common,Webbborough,Michigan,89905,107.861184,52.6280785
Michael Hawkins,71,892 Garcia Lane,South Frederick,Wisconsin,03865,-158.144923,-56.506795
Brandy Anderson,55,69416 Caleb Street Apt. 997,Dudleyport,West Virginia,30547,48.095460,-37.631796
Nicholas Miller,60,95979 Jenkins Parkway,Robinberg,Florida,09297,-92.598920,-54.391142
Timothy Waters,72,59367 Thompson Garden Suite 452,Port Elijahside,California,29428,136.182839,-29.719581
Robert Kaufman,28,94245 Kathy Vista Suite 045,Davidview,Texas,33613,-22.465651,82.5799935
Paul Lopez,56,8492 Wilkerson Walks Apt. 465,Hernandezmouth,Connecticut,69197,-166.400396,-5.444856
Jeffery Rowe,46,325 Michelle Motorway Apt. 472,Brownport,Kentucky,61857,150.737304,83.151681
Jose Novak,20,174 Anderson Glen Apt. 742,North Robert,Massachusetts,64023,-3.947660,47.1623175
Cheryl Coleman,79,062 Kevin Spur Suite 183,North Sarah,New Mexico,17014,7.477339,52.764408
Misty Johnson,32,350 Leslie Center,Martinezburgh,Maine,56447,163.954617,38.152354
Alexander Castillo,40,0648 Miranda Manors Suite 806,Port Jesseport,Ohio,96862,35.557494,39.2075435
James Hansen,73,32710 Benjamin Loop,South Hannah,Maine,07141,113.111570,72.7106015
Ryan Sexton,49,868 Reese Camp Apt. 404,North Jenniferville,New Hampshire,54084,-60.423353,27.935122
Christopher Alvarado,62,76588 Alison Course,Port Wendy,Maine,25556,97.081828,-22.644245
Christopher Cantrell,79,19956 Obrien Fork,Lynnmouth,Minnesota,26369,15.671981,-45.8886985
Jason Reilly,61,47909 Wells Wall,Zacharyland,Maryland,04057,-136.949237,43.5554055
Betty Salazar,48,5322 Osborn Lane Suite 244,Sandraborough,Tennessee,43134,81.638044,-59.7845595
Jacob Davis,41,5858 Shane Landing Suite 962,New Hannahberg,Iowa,12040,63.788145,-83.7516915
Matthew Beck,18,508 Henry Causeway,South Steve,Michigan,11335,-49.908943,49.8034375
Melissa Mccarthy,72,3849 William Ports,Knightland,Colorado,06332,48.363124,43.548752
Rebecca Pham,25,358 Williams Shoal,North Natalie,North Carolina,78567,47.094895,88.5627915
Isaiah Garza,24,600 James Ways,South Nancyland,Alaska,47480,114.587630,-23.875014
Brian Bradley,28,2434 Howell Island,Sharonton,Colorado,14430,-5.028913,10.783144
Lindsay Moore,35,4298 Harris View Apt. 538,Rebekahchester,Mississippi,19159,-19.148661,-70.648977
Lauren Hamilton,44,015 Hartman Falls,Randyville,South Dakota,35227,37.120321,47.0883945
Kaitlyn Thomas,50,990 Shane Loaf,South Brianburgh,Rhode Island,97044,-153.629799,48.600956
David Hopkins,47,268 Eric Estates,Rebeccaport,Mississippi,53531,4.583874,7.0592885
Morgan Zimmerman,57,69627 Hernandez Mountains Suite 746,Gregoryborough,New Mexico,09781,8.211133,-53.887820
Anthony Russell,34,96488 Allen Squares Suite 552,South Elizabethmouth,Idaho,58723,-120.388454,52.021739
William Bowers,50,64801 Briggs Curve Apt. 309,West Johnville,South Carolina,56168,166.432954,-42.5416435
Bill Wright,69,71392 Samuel Summit Apt. 821,Johnnyberg,Illinois,20009,-36.972111,31.843668
Maria Sheppard,43,9484 Green Prairie,Brendaton,Mississippi,99147,6.350943,-30.8945495
Katherine Reyes,18,65483 Martinez Key Suite 414,Austinshire,Louisiana,64309,-3.059948,-56.9339445
Andrea Holden,71,70175 Robertson Fort Apt. 738,Shawnville,California,14396,173.756407,10.689788
Danielle Watts,78,162 Kelly Park,North Markfort,Alaska,41845,41.286150,-53.392332
Debra Mccoy,22,82835 Gray Via,Allisonberg,Rhode Island,66580,-75.735011,15.0221605
David Shannon,72,8354 Stewart Underpass,Jayville,Arizona,80503,-174.130680,-9.239561
Justin Roberts,60,1388 Kelly Extension Suite 069,South Jeremyton,Florida,89106,132.040612,-33.028479
Zachary Reyes,33,2498 Raymond Mission,Wileyborough,Virginia,97411,23.135427,-22.2846385
Maurice Turner,20,932 Klein Road Apt. 836,Port Cynthiafurt,Maine,18963,-27.038561,43.134780
Christopher Miller,40,31557 Richard Squares Suite 090,Jasonfurt,Kentucky,72709,151.984903,18.217913
Charles Mclaughlin,30,06167 Holly Lakes Apt. 172,North Angela,Oregon,88256,-85.020581,-73.7173945
Amy Rodriguez,36,601 David Centers Suite 258,North Michelle,Idaho,24350,-21.489274,-89.508983
Melanie Mejia,47,6160 Jasmine Drives Suite 679,Lake Gloriachester,Ohio,49803,-168.660841,-16.008734
Beverly Gallegos,62,6005 Ponce Lodge Suite 312,Greenport,Kentucky,86763,164.975314,-27.7067975
Robert Watson,47,59910 Pierce Cliffs,Hawkinsbury,Kentucky,91030,-41.403200,-89.296443
Lauren Williams,24,34796 Howard Field Apt. 359,Bellville,Florida,85942,-38.383007,-62.293383
Debra Robinson,45,5914 Robertson Gateway Apt. 446,Bookerberg,Florida,36339,142.268588,58.741588
Stacey Lamb,37,017 Katie Valley Suite 101,Anthonyshire,Kansas,17229,107.131028,32.2750915
Hayley Smith,54,254 Kristina Shore,South Tinaland,Arkansas,81440,124.999189,-12.900093
Joshua Ashley,27,40261 Deborah Mount,New Dennishaven,Maryland,31434,8.250708,-64.5591365
Jaime Smith,34,28504 Jones Burgs Apt. 173,Lake Taylor,South Dakota,05357,53.466376,54.0092685
Monique Schmidt,47,5708 Loretta Mountains,Port Gary,North Carolina,24533,160.897959,-58.0942435
Diana Smith,48,32535 Jennifer Station Apt. 429,Lake Eric,Michigan,19177,-90.821832,-4.6682025
Erin Hayes,43,972 Chaney Hollow Suite 386,New Ashleystad,Oklahoma,92230,18.017977,-64.431637
Justin Avila,68,49317 Isaac Wall,Philipland,Alabama,30960,151.716503,-63.4570405
Bridget Burns,80,1352 Brandi Ridges,North Gina,Missouri,50506,91.546749,-12.008039
Robert Velazquez,43,4652 Flynn Square,Harrisonstad,Arizona,19834,153.596205,59.242211
Jeremy Mcclure,67,8844 Cooley Stravenue,Brownmouth,Connecticut,51730,170.314397,-35.804155
Danny Cantu,31,121 Lyons Dam Suite 049,Aprilmouth,Minnesota,03359,-85.616666,-67.7519865
Rebecca Jacobson,30,9169 Matthew Stravenue,East Larrytown,North Carolina,12552,-61.351886,-64.9557705
Terri Hodges,68,0067 Maurice Islands,Markville,Alaska,52387,144.724603,73.960128
Brandon Kelly,24,843 Michelle Highway,Port Emilyside,South Dakota,40384,-105.210118,-10.0403705
Katrina Price,78,916 Russell Manors Apt. 941,Longview,California,20674,-65.009693,-70.476207
Brandi Downs,66,0600 Thomas Flat,Trevorstad,Iowa,71891,75.050447,38.821634
Angie Livingston,79,046 Farmer Shore Suite 937,Cynthiafort,South Carolina,90911,179.269455,45.2545215
Jessica Campbell,76,19013 Bailey Pine Apt. 661,Lewisside,Alaska,51426,11.848600,17.4763875
Bryan Lee,32,3760 Robert Meadows,Osbornton,New Jersey,86263,-156.429052,-11.448976
Daniel Nichols,45,4163 Heath Ville Suite 984,Lake Jeanne,West Virginia,80289,137.283707,26.2976875
Carlos Love,52,1700 Stacey Isle Apt. 639,Port Julie,Idaho,74897,-4.194770,-32.834272
Katherine Brown,25,057 Sandra Lake Suite 886,South Kyle,Wisconsin,56362,-130.841927,29.2744755
Patricia Holder,37,87286 Hailey Shoal,Julieland,Alabama,48494,-30.693492,52.263766
Rachel Pollard,32,9553 Browning Falls Suite 558,Yorkmouth,Wyoming,11470,133.059700,65.504497
Andrea Carlson MD,78,04259 Snow Spur,South Heather,Connecticut,36073,-7.922432,-51.601522
Teresa Espinoza,19,602 King Meadow,New Whitney,Vermont,07626,175.526200,10.280193
Felicia Weber,78,58416 Robbins Mission Apt. 153,Davidside,South Carolina,14951,-137.364800,48.111865
Jacob Henry,70,928 Tran Ferry Suite 441,New Victor,Wisconsin,91069,150.979258,69.819197
Amber Horn,69,465 Sullivan Corner,Port Markborough,Wisconsin,43418,118.165625,58.4266435
Robert Richard,34,2358 Gamble Vista,Krystalmouth,Ohio,44255,0.240594,-43.4658645
Melissa Santana,74,1849 Barton Brook,Michaelton,Oregon,61298,-99.477368,20.289956
Tony Moore,45,8401 Brooks Pines,Goldenfurt,Nevada,63806,54.432163,-20.578028
Randy Smith,76,62388 Brandt Summit Suite 485,North Rachelshire,Vermont,36735,87.132119,1.760707
Megan Weiss,59,2994 Miranda Lodge Apt. 587,Duffyfurt,Wisconsin,76623,-151.440616,57.7500465
Nicole Hancock,77,60673 Christopher Creek,Cummingsberg,Texas,66045,129.082152,77.3403425
Maria Pacheco,31,369 Carr Field Apt. 069,Jenniferville,Indiana,30684,131.015458,-27.1941655
Lonnie Johnson,57,013 Catherine Trafficway,North Phillipborough,Maine,60711,-16.112547,87.196659
Deborah Jenkins,50,61210 Gary Point,Michaelberg,Mississippi,93785,-11.197932,47.6781995
Teresa Solis,58,8197 Barber Roads Apt. 799,Williamstown,Connecticut,88156,175.426174,77.8124895
Allen Williams,59,51698 Timothy Port Apt. 955,Mercerfurt,Alaska,38736,-129.264602,-70.932513
Frances Jackson,38,55808 Irwin Springs Apt. 253,West Tammyborough,New York,29116,-139.430249,42.8937385
Evan Malone,76,00158 Gabrielle Meadows,New Helenhaven,New Mexico,07373,157.878901,89.092559
Bruce Stevens,76,297 Coleman Mountains Apt. 163,Lake Allison,California,51663,-157.579840,26.620098
Kerry Nelson,39,600 Matthew Spring,Patrickfort,Connecticut,90620,-179.240733,-87.139086
Mr. Bradley Jones MD,22,26535 Hubbard Corner,Campbellhaven,New Jersey,92125,-104.080976,-78.4239935
Douglas Cooke,40,846 Douglas Valleys,New Dylan,New Mexico,05886,155.606008,-77.7200185
Brandy Callahan,44,08376 Stephanie Islands Apt. 493,West Mariah,Idaho,16160,34.386471,27.629650
Jennifer Riley,41,0628 Brenda Squares,Davidshire,Florida,46137,131.642268,47.6294435
Timothy Carpenter,58,5366 Carrillo Ridge Suite 589,Port Jeremy,Nebraska,82017,-15.516428,-22.166786
Jennifer Martinez,23,979 Paige Knolls Suite 967,East Christopher,Michigan,05750,0.186034,-75.652491
Rachel Young,37,4223 Perez Park Suite 610,West Brandonborough,Alaska,74778,52.639391,75.6118145
Grant Miller,74,22038 Phillips Shoals Apt. 243,South Ronald,Massachusetts,24147,-0.853104,65.057524
Emily Hunter,47,440 Evans Cliffs,Port Mary,Nevada,42003,-148.656433,-27.8988505
Shannon Gray,62,13985 Jones Streets,Clinehaven,Maine,80709,174.241114,-47.7179255
Stephen Taylor,34,0464 Thomas Village,Martinezchester,California,63125,96.704608,-73.790600
Darrell Weeks,26,56202 Fisher Ways,Robertsfurt,Minnesota,37711,94.230811,21.872695
Heather Williams,79,231 Dawn Lake,Lake Danielfort,South Carolina,19847,116.056686,86.438349
Scott Anderson,74,48876 Anthony Locks,Wallaceport,Washington,80234,151.620657,72.1192105
Carla Freeman,70,15672 Annette Islands,Lake Heatherborough,New Jersey,97691,7.091900,-8.858745
Michael Mendez,62,92987 Kevin Rapid,East Virginia,West Virginia,19015,-152.235019,-74.344913
Amanda Olson,44,6909 Heather Villages,New Michael,Idaho,82992,-136.415339,22.912019
Donald Alexander,73,36295 Meyer Terrace Suite 570,Port Paul,New York,23340,165.572750,-73.352114
Holly Mckenzie,21,804 Andrew Roads,Bookerberg,Rhode Island,56891,-165.743264,68.1402475
Jill Reynolds,40,34349 Robert Ville Suite 036,Davidborough,Missouri,68637,92.094533,-63.267291
Jonathan Bruce,28,53469 Jessica Camp Suite 901,Port Danview,New York,71972,84.814264,-76.965302
Nicholas Craig,26,2485 Wood Skyway,Danielleberg,Kansas,68699,1.326281,-77.2214375
Kathryn Phillips,30,6924 Padilla Tunnel,West Heather,Tennessee,74513,-150.763244,76.3181555
Jose Conley,67,979 Robinson Rue,Kingchester,Louisiana,65765,170.429342,9.6903085
Brianna Grant,36,40172 Mendoza Terrace,Lisafort,Florida,85234,-105.960470,72.362061
Shannon Barker,42,68108 Ray Path,Wolfeburgh,Illinois,85761,111.178920,84.144983
Randy Bell,30,6820 Chambers Unions Suite 178,Danielland,Tennessee,23047,-33.918191,35.013246
Robert Dixon,19,2620 Melissa Centers Apt. 502,East Taylor,Georgia,60863,-23.260635,-58.9576715
Makayla Sullivan,45,66640 Walker Inlet Suite 496,Pierceberg,Vermont,82076,159.686771,-62.4121295
Kimberly Gamble,60,70296 Casey Mission Apt. 675,Port Gabriel,Minnesota,93431,178.401152,-0.993873
Michael Gonzalez,47,00245 Gonzalez Mission Apt. 005,Tylerbury,Hawaii,40892,120.124196,-23.4392225
Megan Newman,60,9326 Gutierrez Overpass,Brownton,Kansas,14705,12.322249,-19.987702
Jay Ruiz,53,0454 Hughes Common,Nataliefurt,Mississippi,31523,-103.176970,-73.8226515
Thomas Smith,64,63807 Wise Manor Apt. 825,South John,California,81342,-66.640047,-77.1183525
Debbie Collins,45,07293 Bennett Groves Apt. 782,South Sabrina,Missouri,75232,103.636000,-31.091330
Sandra Clements,70,089 Dustin Court Apt. 946,Stephanieburgh,Alaska,76740,112.139855,-81.2845275
Brent Lewis,34,171 King Club Apt. 643,Maciasfurt,Texas,85135,179.499381,86.677810
Logan Roman,80,0499 Thompson Park,Tiffanyhaven,Florida,23019,78.360501,-60.164068
Karen Garrett,47,029 Tom Lake Apt. 258,Taylorberg,Connecticut,05994,145.770995,-51.480312
Brittany Romero,63,818 Avery Drive,Josephview,West Virginia,03547,157.887419,-14.550693
Matthew Rodriguez,67,836 Leonard Ways,Lake Markland,Texas,97917,-144.979994,51.4356465
Michael Wolfe,79,58899 Hicks Heights Apt. 511,West Robertburgh,North Carolina,24447,117.018886,53.1536175
Christian Turner,72,655 Holmes Fords Apt. 100,East Jenniferville,Maryland,75509,-176.909500,-48.1780075
Tracy Simpson,26,2685 Dennis Tunnel,New Mark,West Virginia,86096,110.968772,-46.026425
Gail Bradshaw,37,865 Lindsey Common Suite 880,Bethchester,Illinois,24165,145.018357,-33.6342535
Casey Warner,57,8582 Frazier Way,Robinsonport,Minnesota,18625,14.651700,-53.118114
Brianna Nelson,66,9396 Coleman Courts,Emilystad,Minnesota,07449,42.106307,-49.4385455
Taylor Hester,37,08672 Nichols Light,West Laurie,Georgia,45507,-61.784687,-79.386609
Theodore Rhodes,33,4949 Espinoza Drive Suite 416,Michellestad,North Dakota,98117,-61.770535,-50.129200
Cory White,36,7919 Jessica Dam,West Thomasview,Rhode Island,07361,157.566256,-55.263385
Michelle Acevedo,21,0088 Barnes Row Suite 319,Lake Stacey,Connecticut,69313,118.318515,-55.6926845
Jillian Anderson,66,4524 Cody Mount,Nelsonburgh,Hawaii,84780,-4.550880,-59.000287
Pamela Collins,39,15745 Snyder Pike,West Christophermouth,Florida,20453,33.093925,-80.937817
Courtney Thomas,21,4072 Valerie Loaf Apt. 668,Stevenborough,Arkansas,36473,47.752620,-28.7771375
David Bates,65,58442 Velez Expressway Suite 614,Michaelland,New Jersey,91331,-14.431762,35.9900165
Alexis Horne,33,38435 Carter Valleys,South Johnborough,Ohio,04280,33.901515,65.8124375
Candace Quinn,37,49438 Justin Mount,Deniseton,Delaware,95781,163.260362,-57.129555
Timothy Mitchell,43,48292 Martinez Passage Apt. 913,North Jamesmouth,Vermont,80224,-61.216736,59.239947
Lisa White,69,806 Ruben Springs Apt. 542,West Phillipfurt,Louisiana,07994,-73.483619,-12.7698855
Kelly Lee,64,1616 Stacy Spring,Chrisbury,Minnesota,98696,-126.830924,-5.1304985
Melissa Jackson,42,75827 Ashley Ford Apt. 228,Port Jason,Washington,67049,130.951503,-32.015981
Abigail Brown,43,480 Gabriella Isle,East Aaron,Washington,38675,53.914902,11.225305
Amanda Greene,64,33620 Hunt Hills,Jeffreyside,Louisiana,34969,108.222404,-72.8553965
Gary Howard,60,44921 Daniels Court,Wheelermouth,Arkansas,91084,47.559978,73.576102
Michael Hernandez,23,06094 Samantha Trafficway Suite 021,South Brianville,North Dakota,56489,-159.402200,53.0435565
Michael Jackson,23,7275 Corey Flats,East Brandonburgh,South Dakota,37484,126.854851,-77.9870165
Derek Brooks,63,5800 Shannon Freeway,Danielborough,Virginia,53158,-23.231496,-60.771277
Javier Smith,47,4282 Paul Roads Suite 750,New Steven,Pennsylvania,57124,-111.720989,29.1101035
Carla Morris,32,2276 Cameron Crest Suite 268,Jordanburgh,Arizona,76989,74.143586,71.704312
Jessica Brown,61,642 Craig Mission,Olsontown,Oregon,11321,-44.927504,-32.4344505
Danielle Patel,19,12780 Brittany Landing Suite 172,Robinsonland,Iowa,92173,43.302116,28.138080
Melissa Henry,46,719 William Course,Frankfort,Maryland,00831,-44.937435,3.2406365
Lindsay Santos,79,335 Ashley Inlet,Ruthburgh,Connecticut,20128,-29.202299,2.3853675
Jerry Fernandez,49,099 Anna Expressway,North Jason,Missouri,33975,-138.182422,-1.7625425
Richard Hughes,48,7050 Phillip Tunnel,Lindafurt,Louisiana,34983,-0.067970,75.953501
Bernard Morris,59,75727 Jenkins Estate,West Nicholaschester,California,02587,159.665321,-67.321872
Sarah Mckinney,59,8214 Anthony Stravenue Suite 962,Moorechester,Georgia,91487,-124.330979,-61.6660895
Patricia Chapman,22,50100 Donna Road Apt. 429,Reynoldsport,Ohio,91986,-150.999472,-24.7866665
Thomas Herman,69,64978 Medina Crest Apt. 049,Lake Sean,Maryland,96258,15.563413,-76.5227085
Sarah Barnett,63,266 Brooks Plaza Apt. 382,Escobarport,Texas,10810,131.013389,57.369552
Yvette Snow,29,392 Anthony Road,Lydiamouth,Tennessee,70005,-5.184732,12.138390
David Watson,36,185 Isaac Garden Apt. 340,North Angela,Massachusetts,28264,8.764130,41.902534
Marc Bush,22,7548 Ashley Inlet Suite 809,New Dawn,Ohio,61153,-47.123394,50.239579
Christine Young,30,760 Porter Hills,Nguyenton,Oregon,15471,-68.808026,5.638800
Eric Rose,53,68449 Adrian Forge Suite 910,Jennamouth,New Hampshire,63134,143.237991,-12.364748
Javier Phillips,73,2893 Perez Summit Apt. 888,Esparzafurt,New Hampshire,53175,155.378323,1.4695845
Nicole Marquez,50,268 Gonzalez Divide Apt. 298,Daltonchester,Indiana,63404,-71.411566,-5.889702
Rebecca Chase,31,39377 Lynn Flats Suite 946,East Amybury,New Hampshire,96008,-51.768512,0.176251
William Wells,32,72919 Stephen Mountains Apt. 319,East Johnathanhaven,New Jersey,63879,56.339605,-87.533522
Matthew Garcia,18,1408 Hill Heights Suite 899,Port Catherinefurt,Minnesota,89938,6.114556,-27.543121
Melinda Hernandez,32,6764 Taylor Well Apt. 942,West Dawnside,Washington,81541,60.173258,-64.1233975
Gregory Stone,79,423 Juan Corner Apt. 185,Lake Corey,Utah,20366,-175.558666,-28.660339
Daniel Gutierrez,38,73914 Crawford Ville Apt. 055,South Christinefurt,Vermont,68513,11.707342,87.720594
Sarah Woodard MD,22,70270 Johnson Terrace,Sawyermouth,Arizona,75996,45.325758,72.258229
Jenna George,34,677 Morgan Corners Apt. 774,Matthewmouth,Hawaii,19856,-68.203523,28.8015835
Mrs. Tammy Hunter,71,478 David Ways,Kurtland,Mississippi,20841,3.114131,5.145825
Gregory Martin,76,33251 Martha Summit,Port Joshuaton,Arizona,01624,-6.341269,36.285273
Erik Pena,59,331 Isaac Underpass,South Josephton,Illinois,12362,-132.219456,84.799758
Michael Avila,63,620 Harrison Ramp Apt. 275,Williambury,West Virginia,50767,40.912350,53.838650
Lori Castro,49,23859 Thompson Harbors Apt. 882,Johnville,Rhode Island,83326,8.915838,-15.251052
Adam Bradley,23,1462 Madison Trail Suite 019,Port Williamview,Oregon,05525,-126.258917,-71.221212
Jordan Marsh,49,72102 Daniel Way,Lesliefurt,California,90542,-158.601218,-35.403340
Melvin Hall,45,975 Sydney Mall Apt. 163,Port Robert,California,42884,-63.594298,-60.517055
Christian Mcclure,76,8440 Joshua Grove,Port Ashleyshire,New Mexico,19914,-134.007874,-49.3752375
Collin Keith,31,53076 Linda Cove,East Jon,Nebraska,59955,-133.465259,-47.737428
Ryan James,76,4616 Jacqueline Inlet,Debraview,Rhode Island,19555,-63.101101,57.577242
Christopher Watson,44,937 Davis Motorway Suite 494,New Shaneport,Louisiana,28774,-156.974268,56.9569495
Sabrina Watson,69,35621 Anna Forks Apt. 438,West Jose,Washington,76875,-144.246403,57.5483945
Joseph Mullins,24,203 Lisa Bypass,Davischester,Mississippi,93926,114.828070,17.3794515
Mrs. Victoria Frey DDS,20,851 Randall Inlet,Cannonmouth,Michigan,13071,137.998645,20.080081
Heather Elliott,62,84332 Anderson Roads Suite 576,Susanfurt,Alabama,86639,-2.568946,6.8903355
Christine Lopez,18,76752 Joshua Loop Suite 928,East Kevinland,Delaware,66486,-145.332669,-38.346508
Ashley Johnson,26,29604 Gibbs Inlet Suite 064,West Renee,Maryland,13515,6.351907,-44.0869365
Kathleen Mason,47,2218 Cruz Ways,Weberville,Iowa,02777,58.602442,-17.764565
Julia Robinson,63,202 Reeves Walks,East Ashleyberg,South Dakota,83802,-99.947572,52.084766
Travis Flores,40,5547 Tiffany Rest Suite 593,New Raymondview,Pennsylvania,95707,-111.795995,86.8010175
Cheryl Li,78,705 Melissa Street Suite 628,Michaelville,Michigan,45679,28.268053,54.761987
Ryan Waller,47,0239 Reyes Locks,Kimshire,New Mexico,88716,-1.315628,56.968625
Ann Blackburn,24,734 Melissa Rue Suite 418,East Robertfurt,Utah,07191,134.064344,-22.435738
Justin Griffin,34,28366 Clinton Ford,Robertberg,Wisconsin,41660,60.391135,81.561166
Jodi Gonzales,33,883 Billy Curve Suite 059,Lake Victoriaside,Idaho,43505,49.856757,-73.268300
Tasha Salinas,43,254 Aaron Mission Apt. 590,Susanton,Iowa,14524,-26.984362,-85.7946175
Teresa Harrison,75,55974 Burch Center,Garciastad,Nevada,73641,-69.943910,-6.9624125
Ronald Payne,60,8151 Isaac Loaf,North Joshuamouth,California,69128,-105.364094,-33.4111945
Kenneth Henry,59,444 Emily Walk,Dariusfort,Pennsylvania,08591,-19.062846,-40.6924935
Robin Bridges,77,52285 Green Fort,North Justinport,Montana,35293,-91.376863,87.916442
Kristi Long,22,306 Morrow Mills Suite 864,Johnsonmouth,Colorado,70832,79.209036,-86.117710
Valerie Brown,74,3087 Lori Village Apt. 843,Lake Lindatown,South Dakota,03631,130.417091,78.8400095
James Hernandez,20,97263 Bradley Lodge Apt. 587,Lake Heatherberg,Louisiana,89051,-103.790037,-31.699930
Sandy Glenn,38,881 Shannon Walks Apt. 714,New Joshualand,Florida,71253,78.473943,58.334410
Isabella Cooper,24,725 Thompson Plains Apt. 711,North Audreyview,Iowa,84063,-112.190589,34.977805
Phillip Archer,38,51250 Robert Turnpike,Cherylview,Wyoming,04844,-52.291901,58.392625
Gina Castillo,80,03249 Brett Mills Suite 193,Grossmouth,Utah,77563,-100.604905,-23.8482525
Troy Roberts,61,135 Carl Estate Suite 302,Jacobsonville,Connecticut,26197,-146.981008,31.566971
Jackie Garza,26,734 Benjamin Union Suite 192,West Andrewport,Wyoming,34495,70.988532,-51.5285245
Elizabeth Jackson,69,301 Samantha Row Apt. 082,Raytown,Wyoming,20270,172.783452,-77.245818
Brittney Gregory,78,80717 Romero Hollow,South Ann,Indiana,63283,-141.476609,-64.1167335
Aaron Pitts,68,81195 Ortiz Parkway Apt. 356,New Amberside,Wisconsin,27382,-172.974404,-60.0519965
Kevin Cruz,71,6567 Silva Landing Suite 810,West Aaronton,Wisconsin,19306,-145.574193,-87.4223055
Jordan Lamb MD,55,93443 Lee Parkways,Lake Tony,South Dakota,62129,-24.528261,-49.2548835
Timothy Chaney,53,8413 Tyler Lodge Suite 072,Greenhaven,Kansas,01658,-46.842612,-21.1884305
Scott Wang,42,674 Kimberly Track Suite 885,Diazburgh,Montana,26794,-160.217292,48.752415
Gail Moses,42,68606 Jackson Ways,West Keith,New Mexico,15039,15.136591,10.411878
Maria Salas,44,044 Richard Radial Suite 703,Port Frankburgh,North Dakota,55352,49.600337,59.4939405
Katie Benitez,24,748 Haney Trail Apt. 677,Kathrynton,Nebraska,79002,24.748569,-84.818995
Peter Francis,44,0941 Jason Alley Suite 943,South Johnland,Tennessee,80224,108.663637,56.966005
John Berry,56,094 Jones Rapid,North Jaimeborough,Alabama,77961,-128.292890,32.734590
Jeremiah Wilson,48,08718 Stacy Forks,Leestad,Maine,84439,36.750166,39.3409975
Doris Johnson,29,248 Weaver Ferry Apt. 968,New Chloeville,Iowa,97849,-129.966018,31.300466
Madison Smith,53,83444 Scott Alley Suite 120,Lake Johnmouth,Wyoming,25809,-161.994827,45.6635565
Danielle Mcmillan,73,247 Carter Burgs Apt. 150,Lake Micheal,Arkansas,13417,133.002912,86.772722
Claudia Hamilton,80,4043 Justin Centers,North Sarah,Montana,54059,72.696917,85.0507305
Russell Oliver,23,983 Willie Trafficway Apt. 217,Lake Lisa,Minnesota,56066,176.921019,70.7419095
Bradley Long,80,7161 Jackson Meadows Suite 303,East Lindafurt,Tennessee,37946,-98.512189,-46.054726
Sharon Miller,51,2443 Robert Corners,New Jonathanborough,Wisconsin,79045,-53.200831,75.948007
Michael Carroll,19,3252 Barnett Vista Apt. 294,East Charles,Wisconsin,59665,-155.845733,-30.048427
Laurie Soto,73,901 Hines Isle,Lawrenceland,Alaska,46148,132.878129,-36.871698
James Patel,47,7718 Joy Lights Apt. 534,Fritzberg,Indiana,91156,171.879952,-54.349064
Jody Henson,19,874 Nelson Squares Apt. 493,Lake Danielside,Arizona,34408,-61.450919,-31.062511
Abigail Crane,56,7992 Christopher Brooks,Wallmouth,South Carolina,11177,-102.665722,61.952622
Anthony James,56,77953 Porter Junction,Reginaldside,New Jersey,50226,12.883307,-51.0187855
William Moss,55,42280 Gomez Crest,Gabrielaport,Montana,49794,-106.236681,-67.050830
Richard Garcia,79,19330 Kelly Roads,North Phillip,Vermont,42561,-170.554242,-49.407477
Robert Roberts,27,570 Kristen Center Suite 468,New Brooke,New Jersey,34382,45.404096,-42.454668
Crystal Massey,40,5653 Shannon Freeway,Valdezmouth,Massachusetts,90773,149.137829,14.803593
Amanda Vincent,27,214 Harper Fields,Ericstad,Washington,10297,73.344761,77.1280865
Mary Dillon,41,4948 Derek Drive Apt. 259,North Jamieshire,Maine,15402,-11.642317,-23.006583
Michelle Sanders,64,21695 Ortiz Rapids,Hutchinsonland,Illinois,66091,72.933201,64.5161585
Michael Carpenter,43,7295 Dale Courts Suite 525,New Gregorystad,Connecticut,92105,-109.591641,-36.3911675
Diana Bell,21,6274 Kimberly Causeway Apt. 193,Wadeport,Arkansas,61887,115.396794,-83.610716
Maurice Johnson,51,938 Yesenia Spur Suite 355,Harrisonfort,Montana,15665,21.649228,-86.925062
Robert Wallace,42,5647 Morris Terrace Suite 878,Garciaborough,Minnesota,65048,37.596651,-52.8701995
Natalie Wheeler,66,126 Theresa Parkways Suite 347,East James,California,47392,120.455322,-26.6381945
Brian Mcdonald,58,52588 Melissa Road,South Hannah,New Hampshire,74621,169.271285,-12.2281825
Derek Scott,65,589 Mary Island Apt. 681,Dustinmouth,Arizona,47496,-176.493613,57.285338
Michael Chase,76,92266 David Club,Robersonchester,Idaho,49892,-23.021238,-80.720423
Brian Robbins,37,449 Velazquez Square,South Laurie,California,41936,-24.393620,54.4417535
Joseph Lopez,79,157 Thomas Locks,Lake Sheilatown,Alaska,29076,-26.380440,78.282538
Dwayne Moore,80,25604 Young Camp Apt. 284,Rodriguezfort,New York,85350,-71.553058,-53.717443
Justin Armstrong II,73,3730 Smith Village,Jenniferton,New Hampshire,35615,176.527569,88.1790105
Jose Campbell,76,045 Allen Islands Apt. 015,South Alexandermouth,Alabama,45459,-159.418430,-42.992943
Keith Jackson,63,8810 Jessica Flat,Christinafurt,Texas,27533,-101.625219,16.171816
Holly Richardson,28,292 Mary Hill,Amytown,Vermont,77695,-96.842106,0.3953645
David Nelson,50,1292 Anderson Points,East Patrick,Idaho,68444,112.710030,-76.5756995
Curtis Barrett,41,487 Arnold Highway Suite 878,Derekburgh,Utah,61860,121.134217,-7.683335
Vicki Dunn,76,055 Rose Track,South Jennifer,Arkansas,05422,129.511747,-56.0310975
Jonathan Clayton,35,277 Caldwell Canyon,Lake Lydiaview,Louisiana,22551,-16.466955,-13.3780765
Jennifer Obrien,72,7001 Hernandez Bridge,Port Pamela,Connecticut,15620,-8.255729,18.153135
Jason Mejia,45,1240 Sara Pines Suite 646,Port Lauraborough,Virginia,03553,65.181928,-69.483532
Amanda Taylor,61,39976 Shannon Cove,New Laurenbury,Wisconsin,46998,-64.898272,84.257299
Jesus Turner,77,11791 Banks Dale Apt. 925,New Katherineton,New Mexico,71178,41.113511,-79.7983905
Michael Peterson,26,2868 Amber Overpass,Port Alexandra,Oklahoma,99742,121.086048,-3.1905895
Matthew Kim,46,564 Tyler Burgs,New Raymondview,Indiana,74350,52.824654,58.4118505
Shawn Hall,41,818 Barton Rapid,Lopezshire,Kentucky,07500,-119.093635,7.5609185
Gary Morales,71,00250 Larry Shores Apt. 317,Snowmouth,Iowa,08529,58.622558,17.255314
Justin Moran DVM,41,2933 Martin Roads Apt. 352,New Brentborough,Montana,14340,7.302682,-78.630332
Hunter Rojas,36,43171 Logan View Suite 291,East Shannon,South Carolina,24206,97.026647,-53.778673
Jennifer Chen,45,25942 Benjamin Lights,Lake Desiree,South Dakota,90058,-33.264237,63.9854295
Miguel Hansen,52,55459 Michael Crescent Apt. 985,Hesterberg,Vermont,50169,39.643443,46.7162905
Reginald Molina,34,6790 Garcia Mills Apt. 973,Williamchester,Colorado,95283,75.563785,-13.1705025
Meagan Benson,35,277 Miller Junctions Apt. 564,Pollardville,New York,96430,52.825243,60.283626
Regina Carlson,32,2379 Young Mountains Suite 080,East Scott,Mississippi,13194,46.108002,-3.833081
Grace Reed,26,77896 Timothy Manor Suite 783,Kimberlyland,Wisconsin,76837,-30.883571,-88.236396
Jessica Martin,50,2987 Archer Canyon Apt. 760,Hayesland,Arizona,16611,-35.716241,6.3699535
Damon Brooks,21,495 Nathan Street,Destinyshire,Kansas,16155,-77.496505,65.339732
Lori Stevens,35,10883 Abigail Inlet,Port Marcus,New Mexico,51882,-28.945714,49.495447
Brian Blackburn,62,933 Downs Groves,Heathmouth,Montana,67576,-171.906686,80.583121
